"Libellé";"Indice CVS-CJO de la production industrielle (base 100 en 2021) - Industries alimentaires (NAF rév. 2, niveau division, poste 10)";"Codes";"Indice CVS-CJO de la production industrielle (base 100 en 2021) - Industries alimentaires (NAF rév. 2, niveau division, poste 10)";"Codes";"Indice CVS-CJO de la production industrielle (base 100 en 2021) - Industries alimentaires (NAF rév. 2, niveau division, poste 10)";"Codes";"Indice CVS-CJO de la production industrielle (base 100 en 2021) - Industries alimentaires (NAF rév. 2, niveau division, poste 10)";"Codes";"Indice CVS-CJO de la production industrielle (base 100 en 2021) - Industries alimentaires (NAF rév. 2, niveau division, poste 10)";"Codes";"Indice CVS-CJO de la production industrielle (base 100 en 2021) - Industries alimentaires (NAF rév. 2, niveau division, poste 10)";"Codes";"Indice CVS-CJO de la production industrielle (base 100 en 2021) - Industries alimentaires (NAF rév. 2, niveau division, poste 10)";"Codes";"Indice CVS-CJO de la production industrielle (base 100 en 2021) - Industries alimentaires (NAF rév. 2, niveau division, poste 10)";"Codes";"Indice CVS-CJO de la production industrielle (base 100 en 2021) - Industries alimentaires (NAF rév. 2, niveau division, poste 10)";"Codes";"Indice CVS-CJO de la production industrielle (base 100 en 2021) - Industries alimentaires (NAF rév. 2, niveau division, poste 10)";"Codes";"Indice CVS-CJO de la production industrielle (base 100 en 2021) - Industries alimentaires (NAF rév. 2, niveau division, poste 10)";"Codes";"Indice CVS-CJO de la production industrielle (base 100 en 2021) - Industries alimentaires (NAF rév. 2, niveau division, poste 10)";"Codes";"Indice CVS-CJO de la production industrielle (base 100 en 2021) - Industries alimentaires (NAF rév. 2, niveau division, poste 10)";"Codes";"Indice CVS-CJO de la production industrielle (base 100 en 2021) - Industries alimentaires (NAF rév. 2, niveau division, poste 10)";"Codes";"Indice CVS-CJO de la production industrielle (base 100 en 2021) - Industries alimentaires (NAF rév. 2, niveau division, poste 10)";"Codes";"Indice CVS-CJO de la production industrielle (base 100 en 2021) - Industries alimentaires (NAF rév. 2, niveau division, poste 10)";"Codes";"Indice CVS-CJO de la production industrielle (base 100 en 2021) - Industries alimentaires (NAF rév. 2, niveau division, poste 10)";"Codes";"Indice CVS-CJO de la production industrielle (base 100 en 2021) - Industries alimentaires (NAF rév. 2, niveau division, poste 10)";"Codes";"Indice CVS-CJO de la production industrielle (base 100 en 2021) - Industries alimentaires (NAF rév. 2, niveau division, poste 10)";"Codes";"Indice CVS-CJO de la production industrielle (base 100 en 2021) - Industries alimentaires (NAF rév. 2, niveau division, poste 10)";"Codes";"Indice CVS-CJO de la production industrielle (base 100 en 2021) - Industries alimentaires (NAF rév. 2, niveau division, poste 10)";"Codes";"Indice CVS-CJO de la production industrielle (base 100 en 2021) - Industries alimentaires (NAF rév. 2, niveau division, poste 10)";"Codes";"Indice CVS-CJO de la production industrielle (base 100 en 2021) - Industries alimentaires (NAF rév. 2, niveau division, poste 10)";"Codes";"Indice CVS-CJO de la production industrielle (base 100 en 2021) - Industries alimentaires (NAF rév. 2, niveau division, poste 10)";"Codes";"Indice CVS-CJO de la production industrielle (base 100 en 2021) - Industries alimentaires (NAF rév. 2, niveau division, poste 10)";"Codes";"Indice CVS-CJO de la production industrielle (base 100 en 2021) - Industries alimentaires (NAF rév. 2, niveau division, poste 10)";"Codes"
"idBank";"010767602";"";"010767602";"";"010767602";"";"010767602";"";"010767602";"";"010767602";"";"010767602";"";"010767602";"";"010767602";"";"010767602";"";"010767602";"";"010767602";"";"010767602";"";"010767602";"";"010767602";"";"010767602";"";"010767602";"";"010767602";"";"010767602";"";"010767602";"";"010767602";"";"010767602";"";"010767602";"";"010767602";"";"010767602";"";"010767602";""
"Mises à jour";"03/04/2026 08:45";"";"05/03/2026 08:45";"";"05/02/2026 08:45";"";"09/01/2026 08:45";"";"05/12/2025 08:45";"";"05/11/2025 08:45";"";"03/10/2025 08:45";"";"09/09/2025 08:45";"";"05/08/2025 08:45";"";"04/07/2025 08:45";"";"06/06/2025 08:45";"";"06/05/2025 08:45";"";"04/04/2025 08:45";"";"05/03/2025 08:45";"";"05/02/2025 08:45";"";"10/01/2025 08:45";"";"05/12/2024 08:45";"";"05/11/2024 08:45";"";"04/10/2024 08:45";"";"06/09/2024 08:45";"";"02/08/2024 08:45";"";"05/07/2024 08:45";"";"05/06/2024 08:45";"";"03/05/2024 08:45";"";"05/04/2024 08:45";"";"05/03/2024 08:45";""
"Période";"";"";"";"";"";"";"";"";"";"";"";"";"";"";"";"";"";"";"";"";"";"";"";"";"";"";"";"";"";"";"";"";"";"";"";"";"";"";"";"";"";"";"";"";"";"";"";"";"";"";"";""
"1990-01";"83.3";"A";"83.31";"A";"83.31";"A";"83.31";"A";"83.31";"A";"83.31";"A";"83.31";"A";"83.3";"A";"83.3";"A";"83.3";"A";"83.3";"A";"83.3";"A";"83.3";"A";"83.3";"A";"83.22";"A";"83.22";"A";"83.22";"A";"83.22";"A";"83.22";"A";"83.22";"A";"83.21";"A";"83.22";"A";"83.21";"A";"83.21";"A";"83.21";"A";"83.22";"A"
"1990-02";"89.15";"A";"89.15";"A";"89.16";"A";"89.15";"A";"89.15";"A";"89.15";"A";"89.15";"A";"89.15";"A";"89.14";"A";"89.15";"A";"89.15";"A";"89.15";"A";"89.15";"A";"89.15";"A";"89.06";"A";"89.05";"A";"89.05";"A";"89.05";"A";"89.05";"A";"89.06";"A";"89.05";"A";"89.05";"A";"89.04";"A";"89.04";"A";"89.04";"A";"89.05";"A"
"1990-03";"89.57";"A";"89.57";"A";"89.57";"A";"89.57";"A";"89.57";"A";"89.57";"A";"89.57";"A";"89.56";"A";"89.56";"A";"89.57";"A";"89.57";"A";"89.57";"A";"89.57";"A";"89.56";"A";"89.47";"A";"89.47";"A";"89.47";"A";"89.47";"A";"89.47";"A";"89.47";"A";"89.46";"A";"89.47";"A";"89.46";"A";"89.45";"A";"89.46";"A";"89.47";"A"
"1990-04";"90.93";"A";"90.93";"A";"90.94";"A";"90.93";"A";"90.93";"A";"90.93";"A";"90.93";"A";"90.92";"A";"90.92";"A";"90.93";"A";"90.93";"A";"90.93";"A";"90.93";"A";"90.93";"A";"90.84";"A";"90.84";"A";"90.84";"A";"90.84";"A";"90.84";"A";"90.84";"A";"90.83";"A";"90.84";"A";"90.83";"A";"90.82";"A";"90.82";"A";"90.84";"A"
"1990-05";"93.37";"A";"93.37";"A";"93.38";"A";"93.37";"A";"93.37";"A";"93.37";"A";"93.37";"A";"93.37";"A";"93.36";"A";"93.37";"A";"93.37";"A";"93.37";"A";"93.37";"A";"93.37";"A";"93.27";"A";"93.27";"A";"93.27";"A";"93.27";"A";"93.27";"A";"93.28";"A";"93.26";"A";"93.27";"A";"93.26";"A";"93.25";"A";"93.26";"A";"93.27";"A"
"1990-06";"89.29";"A";"89.29";"A";"89.3";"A";"89.29";"A";"89.29";"A";"89.29";"A";"89.29";"A";"89.28";"A";"89.28";"A";"89.29";"A";"89.29";"A";"89.29";"A";"89.29";"A";"89.29";"A";"89.22";"A";"89.21";"A";"89.22";"A";"89.21";"A";"89.21";"A";"89.22";"A";"89.21";"A";"89.21";"A";"89.2";"A";"89.2";"A";"89.2";"A";"89.22";"A"
"1990-07";"90.21";"A";"90.22";"A";"90.22";"A";"90.22";"A";"90.22";"A";"90.22";"A";"90.22";"A";"90.21";"A";"90.21";"A";"90.22";"A";"90.22";"A";"90.22";"A";"90.22";"A";"90.21";"A";"90.12";"A";"90.12";"A";"90.12";"A";"90.12";"A";"90.12";"A";"90.12";"A";"90.11";"A";"90.11";"A";"90.11";"A";"90.1";"A";"90.1";"A";"90.12";"A"
"1990-08";"90.28";"A";"90.28";"A";"90.28";"A";"90.28";"A";"90.28";"A";"90.28";"A";"90.28";"A";"90.27";"A";"90.27";"A";"90.28";"A";"90.28";"A";"90.28";"A";"90.28";"A";"90.27";"A";"90.19";"A";"90.18";"A";"90.18";"A";"90.18";"A";"90.18";"A";"90.19";"A";"90.18";"A";"90.18";"A";"90.17";"A";"90.17";"A";"90.17";"A";"90.18";"A"
"1990-09";"88.6";"A";"88.6";"A";"88.61";"A";"88.61";"A";"88.61";"A";"88.61";"A";"88.61";"A";"88.6";"A";"88.6";"A";"88.61";"A";"88.6";"A";"88.61";"A";"88.6";"A";"88.6";"A";"88.51";"A";"88.51";"A";"88.51";"A";"88.51";"A";"88.51";"A";"88.51";"A";"88.5";"A";"88.51";"A";"88.5";"A";"88.49";"A";"88.49";"A";"88.51";"A"
"1990-10";"89.88";"A";"89.88";"A";"89.89";"A";"89.89";"A";"89.89";"A";"89.88";"A";"89.88";"A";"89.88";"A";"89.87";"A";"89.88";"A";"89.88";"A";"89.88";"A";"89.88";"A";"89.88";"A";"89.78";"A";"89.78";"A";"89.78";"A";"89.78";"A";"89.78";"A";"89.79";"A";"89.78";"A";"89.78";"A";"89.77";"A";"89.77";"A";"89.77";"A";"89.78";"A"
"1990-11";"89.14";"A";"89.14";"A";"89.14";"A";"89.14";"A";"89.14";"A";"89.14";"A";"89.14";"A";"89.13";"A";"89.13";"A";"89.14";"A";"89.14";"A";"89.14";"A";"89.14";"A";"89.13";"A";"89.04";"A";"89.04";"A";"89.04";"A";"89.04";"A";"89.04";"A";"89.05";"A";"89.04";"A";"89.04";"A";"89.03";"A";"89.03";"A";"89.03";"A";"89.04";"A"
"1990-12";"91.38";"A";"91.38";"A";"91.39";"A";"91.38";"A";"91.38";"A";"91.38";"A";"91.38";"A";"91.38";"A";"91.37";"A";"91.38";"A";"91.38";"A";"91.38";"A";"91.38";"A";"91.38";"A";"91.28";"A";"91.28";"A";"91.28";"A";"91.28";"A";"91.28";"A";"91.29";"A";"91.27";"A";"91.28";"A";"91.27";"A";"91.27";"A";"91.27";"A";"91.28";"A"
"1991-01";"94.16";"A";"94.16";"A";"94.17";"A";"94.17";"A";"94.17";"A";"94.17";"A";"94.17";"A";"94.16";"A";"94.16";"A";"94.17";"A";"94.17";"A";"94.17";"A";"94.16";"A";"94.16";"A";"94.07";"A";"94.07";"A";"94.07";"A";"94.07";"A";"94.06";"A";"94.07";"A";"94.06";"A";"94.06";"A";"94.06";"A";"94.05";"A";"94.05";"A";"94.07";"A"
"1991-02";"94.32";"A";"94.32";"A";"94.33";"A";"94.32";"A";"94.32";"A";"94.32";"A";"94.32";"A";"94.31";"A";"94.31";"A";"94.32";"A";"94.32";"A";"94.32";"A";"94.32";"A";"94.32";"A";"94.23";"A";"94.22";"A";"94.23";"A";"94.22";"A";"94.22";"A";"94.23";"A";"94.22";"A";"94.22";"A";"94.21";"A";"94.21";"A";"94.21";"A";"94.23";"A"
"1991-03";"93.41";"A";"93.41";"A";"93.42";"A";"93.41";"A";"93.41";"A";"93.41";"A";"93.41";"A";"93.41";"A";"93.4";"A";"93.41";"A";"93.41";"A";"93.41";"A";"93.41";"A";"93.41";"A";"93.32";"A";"93.32";"A";"93.32";"A";"93.32";"A";"93.32";"A";"93.32";"A";"93.31";"A";"93.32";"A";"93.31";"A";"93.3";"A";"93.3";"A";"93.32";"A"
"1991-04";"93.8";"A";"93.8";"A";"93.81";"A";"93.81";"A";"93.81";"A";"93.81";"A";"93.81";"A";"93.8";"A";"93.8";"A";"93.81";"A";"93.81";"A";"93.81";"A";"93.81";"A";"93.8";"A";"93.7";"A";"93.7";"A";"93.7";"A";"93.69";"A";"93.69";"A";"93.7";"A";"93.69";"A";"93.69";"A";"93.69";"A";"93.68";"A";"93.68";"A";"93.7";"A"
"1991-05";"92.15";"A";"92.15";"A";"92.16";"A";"92.16";"A";"92.16";"A";"92.16";"A";"92.16";"A";"92.15";"A";"92.15";"A";"92.16";"A";"92.16";"A";"92.16";"A";"92.16";"A";"92.15";"A";"92.06";"A";"92.06";"A";"92.06";"A";"92.06";"A";"92.06";"A";"92.06";"A";"92.05";"A";"92.06";"A";"92.05";"A";"92.04";"A";"92.05";"A";"92.06";"A"
"1991-06";"91.35";"A";"91.35";"A";"91.36";"A";"91.36";"A";"91.36";"A";"91.36";"A";"91.35";"A";"91.35";"A";"91.35";"A";"91.35";"A";"91.35";"A";"91.36";"A";"91.35";"A";"91.35";"A";"91.26";"A";"91.25";"A";"91.26";"A";"91.25";"A";"91.25";"A";"91.26";"A";"91.25";"A";"91.25";"A";"91.24";"A";"91.24";"A";"91.24";"A";"91.26";"A"
"1991-07";"91.96";"A";"91.96";"A";"91.97";"A";"91.97";"A";"91.97";"A";"91.97";"A";"91.96";"A";"91.96";"A";"91.95";"A";"91.96";"A";"91.96";"A";"91.96";"A";"91.96";"A";"91.96";"A";"91.86";"A";"91.86";"A";"91.86";"A";"91.86";"A";"91.86";"A";"91.86";"A";"91.85";"A";"91.86";"A";"91.85";"A";"91.84";"A";"91.85";"A";"91.86";"A"
"1991-08";"92.26";"A";"92.26";"A";"92.27";"A";"92.27";"A";"92.27";"A";"92.27";"A";"92.27";"A";"92.26";"A";"92.26";"A";"92.27";"A";"92.27";"A";"92.27";"A";"92.27";"A";"92.26";"A";"92.16";"A";"92.16";"A";"92.16";"A";"92.16";"A";"92.16";"A";"92.16";"A";"92.15";"A";"92.16";"A";"92.15";"A";"92.14";"A";"92.15";"A";"92.16";"A"
"1991-09";"91.5";"A";"91.5";"A";"91.51";"A";"91.5";"A";"91.5";"A";"91.5";"A";"91.5";"A";"91.5";"A";"91.49";"A";"91.5";"A";"91.5";"A";"91.5";"A";"91.5";"A";"91.5";"A";"91.39";"A";"91.39";"A";"91.39";"A";"91.39";"A";"91.39";"A";"91.39";"A";"91.38";"A";"91.39";"A";"91.38";"A";"91.37";"A";"91.38";"A";"91.39";"A"
"1991-10";"91.79";"A";"91.79";"A";"91.8";"A";"91.8";"A";"91.8";"A";"91.79";"A";"91.79";"A";"91.79";"A";"91.78";"A";"91.79";"A";"91.79";"A";"91.79";"A";"91.79";"A";"91.79";"A";"91.69";"A";"91.69";"A";"91.69";"A";"91.69";"A";"91.69";"A";"91.69";"A";"91.68";"A";"91.69";"A";"91.68";"A";"91.67";"A";"91.68";"A";"91.69";"A"
"1991-11";"92.35";"A";"92.35";"A";"92.36";"A";"92.36";"A";"92.36";"A";"92.36";"A";"92.35";"A";"92.35";"A";"92.35";"A";"92.36";"A";"92.35";"A";"92.36";"A";"92.35";"A";"92.35";"A";"92.25";"A";"92.25";"A";"92.25";"A";"92.25";"A";"92.25";"A";"92.25";"A";"92.24";"A";"92.25";"A";"92.24";"A";"92.23";"A";"92.24";"A";"92.25";"A"
"1991-12";"91.56";"A";"91.56";"A";"91.57";"A";"91.57";"A";"91.57";"A";"91.57";"A";"91.57";"A";"91.56";"A";"91.56";"A";"91.57";"A";"91.57";"A";"91.57";"A";"91.56";"A";"91.56";"A";"91.47";"A";"91.46";"A";"91.47";"A";"91.46";"A";"91.46";"A";"91.47";"A";"91.46";"A";"91.46";"A";"91.45";"A";"91.45";"A";"91.45";"A";"91.47";"A"
"1992-01";"92.29";"A";"92.29";"A";"92.3";"A";"92.29";"A";"92.29";"A";"92.29";"A";"92.29";"A";"92.29";"A";"92.28";"A";"92.29";"A";"92.29";"A";"92.29";"A";"92.29";"A";"92.29";"A";"92.19";"A";"92.18";"A";"92.18";"A";"92.18";"A";"92.18";"A";"92.19";"A";"92.18";"A";"92.18";"A";"92.17";"A";"92.17";"A";"92.17";"A";"92.18";"A"
"1992-02";"92.69";"A";"92.69";"A";"92.7";"A";"92.69";"A";"92.7";"A";"92.69";"A";"92.69";"A";"92.69";"A";"92.68";"A";"92.69";"A";"92.69";"A";"92.69";"A";"92.69";"A";"92.69";"A";"92.58";"A";"92.58";"A";"92.58";"A";"92.58";"A";"92.57";"A";"92.58";"A";"92.57";"A";"92.57";"A";"92.57";"A";"92.56";"A";"92.56";"A";"92.58";"A"
"1992-03";"92.95";"A";"92.95";"A";"92.96";"A";"92.96";"A";"92.96";"A";"92.96";"A";"92.96";"A";"92.95";"A";"92.95";"A";"92.96";"A";"92.96";"A";"92.96";"A";"92.95";"A";"92.95";"A";"92.84";"A";"92.84";"A";"92.84";"A";"92.84";"A";"92.84";"A";"92.85";"A";"92.83";"A";"92.84";"A";"92.83";"A";"92.83";"A";"92.83";"A";"92.84";"A"
"1992-04";"93.93";"A";"93.93";"A";"93.94";"A";"93.93";"A";"93.93";"A";"93.93";"A";"93.93";"A";"93.93";"A";"93.92";"A";"93.93";"A";"93.93";"A";"93.93";"A";"93.93";"A";"93.93";"A";"93.82";"A";"93.81";"A";"93.82";"A";"93.81";"A";"93.81";"A";"93.82";"A";"93.81";"A";"93.81";"A";"93.8";"A";"93.8";"A";"93.8";"A";"93.82";"A"
"1992-05";"92.89";"A";"92.89";"A";"92.9";"A";"92.89";"A";"92.89";"A";"92.89";"A";"92.89";"A";"92.89";"A";"92.88";"A";"92.89";"A";"92.89";"A";"92.89";"A";"92.89";"A";"92.89";"A";"92.78";"A";"92.78";"A";"92.78";"A";"92.77";"A";"92.77";"A";"92.78";"A";"92.77";"A";"92.77";"A";"92.77";"A";"92.76";"A";"92.76";"A";"92.78";"A"
"1992-06";"93.17";"A";"93.17";"A";"93.18";"A";"93.17";"A";"93.18";"A";"93.18";"A";"93.17";"A";"93.17";"A";"93.16";"A";"93.17";"A";"93.17";"A";"93.17";"A";"93.17";"A";"93.17";"A";"93.06";"A";"93.06";"A";"93.06";"A";"93.06";"A";"93.06";"A";"93.06";"A";"93.05";"A";"93.06";"A";"93.05";"A";"93.04";"A";"93.04";"A";"93.06";"A"
"1992-07";"92.43";"A";"92.44";"A";"92.44";"A";"92.44";"A";"92.44";"A";"92.44";"A";"92.44";"A";"92.43";"A";"92.43";"A";"92.44";"A";"92.44";"A";"92.44";"A";"92.44";"A";"92.43";"A";"92.34";"A";"92.34";"A";"92.34";"A";"92.34";"A";"92.34";"A";"92.34";"A";"92.33";"A";"92.34";"A";"92.33";"A";"92.32";"A";"92.33";"A";"92.34";"A"
"1992-08";"89.8";"A";"89.81";"A";"89.81";"A";"89.81";"A";"89.81";"A";"89.81";"A";"89.81";"A";"89.8";"A";"89.8";"A";"89.81";"A";"89.81";"A";"89.81";"A";"89.8";"A";"89.8";"A";"89.73";"A";"89.72";"A";"89.73";"A";"89.72";"A";"89.72";"A";"89.73";"A";"89.72";"A";"89.72";"A";"89.71";"A";"89.71";"A";"89.71";"A";"89.73";"A"
"1992-09";"91.35";"A";"91.36";"A";"91.36";"A";"91.36";"A";"91.36";"A";"91.36";"A";"91.36";"A";"91.35";"A";"91.35";"A";"91.36";"A";"91.36";"A";"91.36";"A";"91.36";"A";"91.36";"A";"91.27";"A";"91.26";"A";"91.27";"A";"91.26";"A";"91.26";"A";"91.27";"A";"91.26";"A";"91.26";"A";"91.25";"A";"91.25";"A";"91.25";"A";"91.27";"A"
"1992-10";"90.35";"A";"90.35";"A";"90.36";"A";"90.35";"A";"90.35";"A";"90.35";"A";"90.35";"A";"90.35";"A";"90.34";"A";"90.35";"A";"90.35";"A";"90.35";"A";"90.35";"A";"90.35";"A";"90.26";"A";"90.26";"A";"90.26";"A";"90.26";"A";"90.25";"A";"90.26";"A";"90.25";"A";"90.25";"A";"90.25";"A";"90.24";"A";"90.24";"A";"90.26";"A"
"1992-11";"91.32";"A";"91.32";"A";"91.33";"A";"91.33";"A";"91.33";"A";"91.33";"A";"91.33";"A";"91.32";"A";"91.32";"A";"91.33";"A";"91.33";"A";"91.33";"A";"91.32";"A";"91.32";"A";"91.23";"A";"91.23";"A";"91.23";"A";"91.23";"A";"91.23";"A";"91.23";"A";"91.22";"A";"91.22";"A";"91.22";"A";"91.21";"A";"91.21";"A";"91.23";"A"
"1992-12";"91.72";"A";"91.72";"A";"91.73";"A";"91.73";"A";"91.73";"A";"91.73";"A";"91.73";"A";"91.72";"A";"91.72";"A";"91.73";"A";"91.73";"A";"91.73";"A";"91.72";"A";"91.72";"A";"91.63";"A";"91.63";"A";"91.63";"A";"91.63";"A";"91.63";"A";"91.63";"A";"91.62";"A";"91.63";"A";"91.62";"A";"91.61";"A";"91.62";"A";"91.63";"A"
"1993-01";"89.53";"A";"89.53";"A";"89.54";"A";"89.54";"A";"89.54";"A";"89.54";"A";"89.53";"A";"89.53";"A";"89.53";"A";"89.54";"A";"89.53";"A";"89.54";"A";"89.53";"A";"89.53";"A";"89.44";"A";"89.44";"A";"89.44";"A";"89.44";"A";"89.44";"A";"89.45";"A";"89.43";"A";"89.44";"A";"89.43";"A";"89.43";"A";"89.43";"A";"89.44";"A"
"1993-02";"91.0";"A";"91.0";"A";"91.01";"A";"91.0";"A";"91.0";"A";"91.0";"A";"91.0";"A";"90.99";"A";"90.99";"A";"91.0";"A";"91.0";"A";"91.0";"A";"91.0";"A";"91.0";"A";"90.9";"A";"90.9";"A";"90.9";"A";"90.89";"A";"90.89";"A";"90.9";"A";"90.89";"A";"90.89";"A";"90.89";"A";"90.88";"A";"90.88";"A";"90.9";"A"
"1993-03";"90.22";"A";"90.22";"A";"90.23";"A";"90.22";"A";"90.22";"A";"90.22";"A";"90.22";"A";"90.22";"A";"90.21";"A";"90.22";"A";"90.22";"A";"90.22";"A";"90.22";"A";"90.22";"A";"90.13";"A";"90.13";"A";"90.13";"A";"90.13";"A";"90.13";"A";"90.13";"A";"90.12";"A";"90.13";"A";"90.12";"A";"90.11";"A";"90.12";"A";"90.13";"A"
"1993-04";"89.98";"A";"89.98";"A";"89.99";"A";"89.98";"A";"89.98";"A";"89.98";"A";"89.98";"A";"89.98";"A";"89.97";"A";"89.98";"A";"89.98";"A";"89.98";"A";"89.98";"A";"89.98";"A";"89.9";"A";"89.9";"A";"89.9";"A";"89.89";"A";"89.89";"A";"89.9";"A";"89.89";"A";"89.89";"A";"89.89";"A";"89.88";"A";"89.88";"A";"89.9";"A"
"1993-05";"88.01";"A";"88.01";"A";"88.02";"A";"88.01";"A";"88.01";"A";"88.01";"A";"88.01";"A";"88.01";"A";"88.0";"A";"88.01";"A";"88.01";"A";"88.01";"A";"88.01";"A";"88.01";"A";"87.93";"A";"87.93";"A";"87.93";"A";"87.93";"A";"87.93";"A";"87.93";"A";"87.92";"A";"87.93";"A";"87.92";"A";"87.91";"A";"87.92";"A";"87.93";"A"
"1993-06";"89.74";"A";"89.74";"A";"89.75";"A";"89.75";"A";"89.75";"A";"89.75";"A";"89.75";"A";"89.74";"A";"89.74";"A";"89.75";"A";"89.75";"A";"89.75";"A";"89.74";"A";"89.74";"A";"89.68";"A";"89.68";"A";"89.68";"A";"89.68";"A";"89.68";"A";"89.68";"A";"89.67";"A";"89.67";"A";"89.67";"A";"89.66";"A";"89.66";"A";"89.68";"A"
"1993-07";"89.93";"A";"89.93";"A";"89.94";"A";"89.93";"A";"89.93";"A";"89.93";"A";"89.93";"A";"89.92";"A";"89.92";"A";"89.93";"A";"89.93";"A";"89.93";"A";"89.93";"A";"89.93";"A";"89.85";"A";"89.84";"A";"89.85";"A";"89.84";"A";"89.84";"A";"89.85";"A";"89.84";"A";"89.84";"A";"89.84";"A";"89.83";"A";"89.83";"A";"89.85";"A"
"1993-08";"90.63";"A";"90.63";"A";"90.64";"A";"90.64";"A";"90.64";"A";"90.64";"A";"90.63";"A";"90.63";"A";"90.63";"A";"90.63";"A";"90.63";"A";"90.63";"A";"90.63";"A";"90.63";"A";"90.55";"A";"90.55";"A";"90.55";"A";"90.55";"A";"90.55";"A";"90.55";"A";"90.54";"A";"90.54";"A";"90.54";"A";"90.53";"A";"90.53";"A";"90.55";"A"
"1993-09";"92.97";"A";"92.97";"A";"92.98";"A";"92.97";"A";"92.97";"A";"92.97";"A";"92.97";"A";"92.96";"A";"92.96";"A";"92.97";"A";"92.97";"A";"92.97";"A";"92.97";"A";"92.97";"A";"92.87";"A";"92.87";"A";"92.87";"A";"92.87";"A";"92.86";"A";"92.87";"A";"92.86";"A";"92.86";"A";"92.86";"A";"92.85";"A";"92.85";"A";"92.87";"A"
"1993-10";"90.89";"A";"90.9";"A";"90.9";"A";"90.9";"A";"90.9";"A";"90.9";"A";"90.9";"A";"90.89";"A";"90.89";"A";"90.9";"A";"90.9";"A";"90.9";"A";"90.9";"A";"90.89";"A";"90.81";"A";"90.81";"A";"90.81";"A";"90.81";"A";"90.8";"A";"90.81";"A";"90.8";"A";"90.8";"A";"90.8";"A";"90.79";"A";"90.79";"A";"90.81";"A"
"1993-11";"90.32";"A";"90.32";"A";"90.33";"A";"90.32";"A";"90.32";"A";"90.32";"A";"90.32";"A";"90.32";"A";"90.31";"A";"90.32";"A";"90.32";"A";"90.32";"A";"90.32";"A";"90.32";"A";"90.24";"A";"90.23";"A";"90.24";"A";"90.23";"A";"90.23";"A";"90.24";"A";"90.23";"A";"90.23";"A";"90.22";"A";"90.22";"A";"90.22";"A";"90.24";"A"
"1993-12";"88.7";"A";"88.7";"A";"88.71";"A";"88.71";"A";"88.71";"A";"88.71";"A";"88.7";"A";"88.7";"A";"88.7";"A";"88.7";"A";"88.7";"A";"88.7";"A";"88.7";"A";"88.7";"A";"88.62";"A";"88.62";"A";"88.62";"A";"88.62";"A";"88.62";"A";"88.62";"A";"88.61";"A";"88.62";"A";"88.61";"A";"88.6";"A";"88.6";"A";"88.62";"A"
"1994-01";"89.79";"A";"89.79";"A";"89.8";"A";"89.79";"A";"89.8";"A";"89.8";"A";"89.79";"A";"89.79";"A";"89.78";"A";"89.79";"A";"89.79";"A";"89.79";"A";"89.79";"A";"89.79";"A";"89.71";"A";"89.71";"A";"89.71";"A";"89.7";"A";"89.7";"A";"89.71";"A";"89.7";"A";"89.7";"A";"89.7";"A";"89.69";"A";"89.69";"A";"89.71";"A"
"1994-02";"89.16";"A";"89.16";"A";"89.17";"A";"89.16";"A";"89.16";"A";"89.16";"A";"89.16";"A";"89.15";"A";"89.15";"A";"89.16";"A";"89.16";"A";"89.16";"A";"89.16";"A";"89.15";"A";"89.08";"A";"89.08";"A";"89.08";"A";"89.08";"A";"89.08";"A";"89.08";"A";"89.07";"A";"89.08";"A";"89.07";"A";"89.06";"A";"89.07";"A";"89.08";"A"
"1994-03";"88.91";"A";"88.91";"A";"88.92";"A";"88.92";"A";"88.92";"A";"88.92";"A";"88.91";"A";"88.91";"A";"88.9";"A";"88.91";"A";"88.91";"A";"88.91";"A";"88.91";"A";"88.91";"A";"88.83";"A";"88.83";"A";"88.83";"A";"88.83";"A";"88.83";"A";"88.83";"A";"88.82";"A";"88.83";"A";"88.82";"A";"88.81";"A";"88.82";"A";"88.83";"A"
"1994-04";"88.71";"A";"88.71";"A";"88.72";"A";"88.72";"A";"88.72";"A";"88.72";"A";"88.72";"A";"88.71";"A";"88.71";"A";"88.72";"A";"88.72";"A";"88.72";"A";"88.71";"A";"88.71";"A";"88.63";"A";"88.63";"A";"88.63";"A";"88.63";"A";"88.63";"A";"88.63";"A";"88.62";"A";"88.63";"A";"88.62";"A";"88.61";"A";"88.62";"A";"88.63";"A"
"1994-05";"89.2";"A";"89.21";"A";"89.21";"A";"89.21";"A";"89.21";"A";"89.21";"A";"89.21";"A";"89.2";"A";"89.2";"A";"89.21";"A";"89.21";"A";"89.21";"A";"89.2";"A";"89.2";"A";"89.12";"A";"89.12";"A";"89.12";"A";"89.12";"A";"89.12";"A";"89.12";"A";"89.11";"A";"89.12";"A";"89.11";"A";"89.11";"A";"89.11";"A";"89.12";"A"
"1994-06";"89.83";"A";"89.83";"A";"89.84";"A";"89.83";"A";"89.83";"A";"89.83";"A";"89.83";"A";"89.83";"A";"89.82";"A";"89.83";"A";"89.83";"A";"89.83";"A";"89.83";"A";"89.83";"A";"89.75";"A";"89.75";"A";"89.75";"A";"89.75";"A";"89.75";"A";"89.75";"A";"89.74";"A";"89.74";"A";"89.74";"A";"89.73";"A";"89.73";"A";"89.75";"A"
"1994-07";"91.88";"A";"91.88";"A";"91.89";"A";"91.89";"A";"91.89";"A";"91.89";"A";"91.88";"A";"91.88";"A";"91.87";"A";"91.88";"A";"91.88";"A";"91.88";"A";"91.88";"A";"91.88";"A";"91.8";"A";"91.8";"A";"91.8";"A";"91.8";"A";"91.8";"A";"91.8";"A";"91.79";"A";"91.8";"A";"91.79";"A";"91.78";"A";"91.78";"A";"91.8";"A"
"1994-08";"97.56";"A";"97.56";"A";"97.57";"A";"97.57";"A";"97.57";"A";"97.57";"A";"97.57";"A";"97.56";"A";"97.56";"A";"97.57";"A";"97.57";"A";"97.57";"A";"97.57";"A";"97.56";"A";"97.46";"A";"97.46";"A";"97.46";"A";"97.46";"A";"97.46";"A";"97.46";"A";"97.45";"A";"97.46";"A";"97.45";"A";"97.44";"A";"97.45";"A";"97.46";"A"
"1994-09";"90.87";"A";"90.87";"A";"90.87";"A";"90.87";"A";"90.87";"A";"90.87";"A";"90.87";"A";"90.86";"A";"90.86";"A";"90.87";"A";"90.87";"A";"90.87";"A";"90.87";"A";"90.86";"A";"90.77";"A";"90.77";"A";"90.77";"A";"90.76";"A";"90.76";"A";"90.77";"A";"90.76";"A";"90.76";"A";"90.76";"A";"90.75";"A";"90.75";"A";"90.77";"A"
"1994-10";"90.91";"A";"90.91";"A";"90.92";"A";"90.92";"A";"90.92";"A";"90.92";"A";"90.92";"A";"90.91";"A";"90.91";"A";"90.91";"A";"90.91";"A";"90.91";"A";"90.91";"A";"90.91";"A";"90.82";"A";"90.81";"A";"90.82";"A";"90.81";"A";"90.81";"A";"90.82";"A";"90.81";"A";"90.81";"A";"90.81";"A";"90.8";"A";"90.8";"A";"90.82";"A"
"1994-11";"92.53";"A";"92.53";"A";"92.54";"A";"92.53";"A";"92.53";"A";"92.53";"A";"92.53";"A";"92.52";"A";"92.52";"A";"92.53";"A";"92.53";"A";"92.53";"A";"92.53";"A";"92.53";"A";"92.43";"A";"92.43";"A";"92.43";"A";"92.43";"A";"92.43";"A";"92.44";"A";"92.42";"A";"92.43";"A";"92.42";"A";"92.42";"A";"92.42";"A";"92.43";"A"
"1994-12";"92.32";"A";"92.32";"A";"92.33";"A";"92.33";"A";"92.33";"A";"92.33";"A";"92.32";"A";"92.32";"A";"92.31";"A";"92.32";"A";"92.32";"A";"92.32";"A";"92.32";"A";"92.32";"A";"92.22";"A";"92.22";"A";"92.22";"A";"92.22";"A";"92.21";"A";"92.22";"A";"92.21";"A";"92.21";"A";"92.21";"A";"92.2";"A";"92.2";"A";"92.22";"A"
"1995-01";"92.29";"A";"92.29";"A";"92.3";"A";"92.3";"A";"92.3";"A";"92.3";"A";"92.3";"A";"92.29";"A";"92.29";"A";"92.3";"A";"92.29";"A";"92.3";"A";"92.29";"A";"92.29";"A";"92.2";"A";"92.2";"A";"92.2";"A";"92.2";"A";"92.19";"A";"92.2";"A";"92.19";"A";"92.19";"A";"92.19";"A";"92.18";"A";"92.18";"A";"92.2";"A"
"1995-02";"92.2";"A";"92.21";"A";"92.21";"A";"92.21";"A";"92.21";"A";"92.21";"A";"92.21";"A";"92.2";"A";"92.2";"A";"92.21";"A";"92.21";"A";"92.21";"A";"92.21";"A";"92.2";"A";"92.11";"A";"92.11";"A";"92.11";"A";"92.11";"A";"92.11";"A";"92.11";"A";"92.1";"A";"92.1";"A";"92.1";"A";"92.09";"A";"92.09";"A";"92.11";"A"
"1995-03";"91.14";"A";"91.14";"A";"91.15";"A";"91.15";"A";"91.15";"A";"91.15";"A";"91.14";"A";"91.14";"A";"91.13";"A";"91.14";"A";"91.14";"A";"91.14";"A";"91.14";"A";"91.14";"A";"91.04";"A";"91.04";"A";"91.04";"A";"91.04";"A";"91.04";"A";"91.05";"A";"91.04";"A";"91.04";"A";"91.03";"A";"91.03";"A";"91.03";"A";"91.04";"A"
"1995-04";"92.45";"A";"92.45";"A";"92.46";"A";"92.45";"A";"92.45";"A";"92.45";"A";"92.45";"A";"92.44";"A";"92.44";"A";"92.45";"A";"92.45";"A";"92.45";"A";"92.45";"A";"92.44";"A";"92.35";"A";"92.35";"A";"92.35";"A";"92.35";"A";"92.34";"A";"92.35";"A";"92.34";"A";"92.34";"A";"92.34";"A";"92.33";"A";"92.33";"A";"92.35";"A"
"1995-05";"93.7";"A";"93.7";"A";"93.71";"A";"93.7";"A";"93.7";"A";"93.7";"A";"93.7";"A";"93.69";"A";"93.69";"A";"93.7";"A";"93.7";"A";"93.7";"A";"93.7";"A";"93.7";"A";"93.6";"A";"93.59";"A";"93.6";"A";"93.59";"A";"93.59";"A";"93.6";"A";"93.59";"A";"93.59";"A";"93.59";"A";"93.58";"A";"93.58";"A";"93.6";"A"
"1995-06";"94.69";"A";"94.69";"A";"94.7";"A";"94.7";"A";"94.7";"A";"94.7";"A";"94.7";"A";"94.69";"A";"94.69";"A";"94.69";"A";"94.69";"A";"94.69";"A";"94.69";"A";"94.69";"A";"94.59";"A";"94.59";"A";"94.59";"A";"94.59";"A";"94.59";"A";"94.6";"A";"94.59";"A";"94.59";"A";"94.58";"A";"94.58";"A";"94.58";"A";"94.6";"A"
"1995-07";"91.27";"A";"91.27";"A";"91.27";"A";"91.27";"A";"91.27";"A";"91.27";"A";"91.27";"A";"91.26";"A";"91.26";"A";"91.27";"A";"91.27";"A";"91.27";"A";"91.27";"A";"91.26";"A";"91.17";"A";"91.17";"A";"91.17";"A";"91.16";"A";"91.16";"A";"91.17";"A";"91.16";"A";"91.16";"A";"91.16";"A";"91.15";"A";"91.15";"A";"91.17";"A"
"1995-08";"93.43";"A";"93.43";"A";"93.44";"A";"93.43";"A";"93.43";"A";"93.43";"A";"93.43";"A";"93.42";"A";"93.42";"A";"93.43";"A";"93.43";"A";"93.43";"A";"93.43";"A";"93.43";"A";"93.34";"A";"93.34";"A";"93.34";"A";"93.34";"A";"93.34";"A";"93.35";"A";"93.34";"A";"93.34";"A";"93.33";"A";"93.33";"A";"93.33";"A";"93.34";"A"
"1995-09";"93.83";"A";"93.84";"A";"93.84";"A";"93.84";"A";"93.84";"A";"93.84";"A";"93.84";"A";"93.83";"A";"93.83";"A";"93.84";"A";"93.84";"A";"93.84";"A";"93.84";"A";"93.83";"A";"93.74";"A";"93.74";"A";"93.74";"A";"93.73";"A";"93.73";"A";"93.74";"A";"93.73";"A";"93.73";"A";"93.73";"A";"93.72";"A";"93.72";"A";"93.74";"A"
"1995-10";"94.13";"A";"94.13";"A";"94.14";"A";"94.14";"A";"94.14";"A";"94.14";"A";"94.14";"A";"94.13";"A";"94.13";"A";"94.13";"A";"94.13";"A";"94.13";"A";"94.13";"A";"94.13";"A";"94.04";"A";"94.03";"A";"94.04";"A";"94.03";"A";"94.03";"A";"94.04";"A";"94.03";"A";"94.03";"A";"94.02";"A";"94.02";"A";"94.02";"A";"94.04";"A"
"1995-11";"93.17";"A";"93.18";"A";"93.18";"A";"93.18";"A";"93.18";"A";"93.18";"A";"93.18";"A";"93.17";"A";"93.17";"A";"93.18";"A";"93.18";"A";"93.18";"A";"93.18";"A";"93.17";"A";"93.07";"A";"93.07";"A";"93.07";"A";"93.07";"A";"93.07";"A";"93.08";"A";"93.06";"A";"93.07";"A";"93.06";"A";"93.05";"A";"93.06";"A";"93.07";"A"
"1995-12";"92.76";"A";"92.76";"A";"92.77";"A";"92.77";"A";"92.77";"A";"92.77";"A";"92.77";"A";"92.76";"A";"92.76";"A";"92.76";"A";"92.76";"A";"92.77";"A";"92.76";"A";"92.76";"A";"92.67";"A";"92.67";"A";"92.67";"A";"92.67";"A";"92.67";"A";"92.67";"A";"92.66";"A";"92.67";"A";"92.66";"A";"92.65";"A";"92.66";"A";"92.67";"A"
"1996-01";"93.78";"A";"93.79";"A";"93.79";"A";"93.79";"A";"93.79";"A";"93.79";"A";"93.79";"A";"93.78";"A";"93.78";"A";"93.79";"A";"93.79";"A";"93.79";"A";"93.78";"A";"93.78";"A";"93.69";"A";"93.68";"A";"93.68";"A";"93.68";"A";"93.68";"A";"93.69";"A";"93.68";"A";"93.68";"A";"93.67";"A";"93.67";"A";"93.67";"A";"93.69";"A"
"1996-02";"94.92";"A";"94.92";"A";"94.93";"A";"94.93";"A";"94.93";"A";"94.93";"A";"94.93";"A";"94.92";"A";"94.92";"A";"94.93";"A";"94.92";"A";"94.93";"A";"94.92";"A";"94.92";"A";"94.82";"A";"94.82";"A";"94.82";"A";"94.82";"A";"94.81";"A";"94.82";"A";"94.81";"A";"94.81";"A";"94.81";"A";"94.8";"A";"94.8";"A";"94.82";"A"
"1996-03";"93.62";"A";"93.62";"A";"93.63";"A";"93.63";"A";"93.63";"A";"93.63";"A";"93.63";"A";"93.62";"A";"93.62";"A";"93.62";"A";"93.62";"A";"93.63";"A";"93.62";"A";"93.62";"A";"93.53";"A";"93.53";"A";"93.53";"A";"93.53";"A";"93.53";"A";"93.53";"A";"93.52";"A";"93.52";"A";"93.52";"A";"93.51";"A";"93.51";"A";"93.53";"A"
"1996-04";"93.76";"A";"93.76";"A";"93.77";"A";"93.77";"A";"93.77";"A";"93.77";"A";"93.77";"A";"93.76";"A";"93.76";"A";"93.76";"A";"93.76";"A";"93.76";"A";"93.76";"A";"93.76";"A";"93.67";"A";"93.66";"A";"93.67";"A";"93.66";"A";"93.66";"A";"93.67";"A";"93.66";"A";"93.66";"A";"93.66";"A";"93.65";"A";"93.65";"A";"93.67";"A"
"1996-05";"97.08";"A";"97.08";"A";"97.09";"A";"97.08";"A";"97.09";"A";"97.09";"A";"97.08";"A";"97.08";"A";"97.07";"A";"97.08";"A";"97.08";"A";"97.08";"A";"97.08";"A";"97.08";"A";"96.98";"A";"96.98";"A";"96.98";"A";"96.98";"A";"96.98";"A";"96.99";"A";"96.97";"A";"96.98";"A";"96.97";"A";"96.97";"A";"96.97";"A";"96.98";"A"
"1996-06";"93.75";"A";"93.76";"A";"93.76";"A";"93.76";"A";"93.76";"A";"93.76";"A";"93.76";"A";"93.75";"A";"93.75";"A";"93.76";"A";"93.76";"A";"93.76";"A";"93.75";"A";"93.75";"A";"93.66";"A";"93.65";"A";"93.65";"A";"93.65";"A";"93.65";"A";"93.66";"A";"93.65";"A";"93.65";"A";"93.64";"A";"93.64";"A";"93.64";"A";"93.66";"A"
"1996-07";"95.42";"A";"95.42";"A";"95.43";"A";"95.42";"A";"95.42";"A";"95.42";"A";"95.42";"A";"95.41";"A";"95.41";"A";"95.42";"A";"95.42";"A";"95.42";"A";"95.42";"A";"95.41";"A";"95.31";"A";"95.31";"A";"95.31";"A";"95.31";"A";"95.31";"A";"95.32";"A";"95.3";"A";"95.31";"A";"95.3";"A";"95.3";"A";"95.3";"A";"95.31";"A"
"1996-08";"95.47";"A";"95.47";"A";"95.48";"A";"95.48";"A";"95.48";"A";"95.48";"A";"95.47";"A";"95.47";"A";"95.47";"A";"95.47";"A";"95.47";"A";"95.47";"A";"95.47";"A";"95.47";"A";"95.38";"A";"95.37";"A";"95.38";"A";"95.37";"A";"95.37";"A";"95.38";"A";"95.37";"A";"95.37";"A";"95.36";"A";"95.36";"A";"95.36";"A";"95.38";"A"
"1996-09";"95.49";"A";"95.49";"A";"95.49";"A";"95.49";"A";"95.49";"A";"95.49";"A";"95.49";"A";"95.48";"A";"95.48";"A";"95.49";"A";"95.49";"A";"95.49";"A";"95.49";"A";"95.48";"A";"95.4";"A";"95.39";"A";"95.39";"A";"95.39";"A";"95.39";"A";"95.4";"A";"95.39";"A";"95.39";"A";"95.38";"A";"95.38";"A";"95.38";"A";"95.39";"A"
"1996-10";"95.64";"A";"95.64";"A";"95.65";"A";"95.65";"A";"95.65";"A";"95.65";"A";"95.64";"A";"95.64";"A";"95.64";"A";"95.64";"A";"95.64";"A";"95.64";"A";"95.64";"A";"95.64";"A";"95.55";"A";"95.54";"A";"95.54";"A";"95.54";"A";"95.54";"A";"95.55";"A";"95.54";"A";"95.54";"A";"95.53";"A";"95.53";"A";"95.53";"A";"95.54";"A"
"1996-11";"94.38";"A";"94.39";"A";"94.39";"A";"94.39";"A";"94.39";"A";"94.39";"A";"94.39";"A";"94.38";"A";"94.38";"A";"94.39";"A";"94.39";"A";"94.39";"A";"94.39";"A";"94.38";"A";"94.28";"A";"94.28";"A";"94.28";"A";"94.28";"A";"94.28";"A";"94.29";"A";"94.28";"A";"94.28";"A";"94.27";"A";"94.27";"A";"94.27";"A";"94.28";"A"
"1996-12";"96.92";"A";"96.92";"A";"96.93";"A";"96.92";"A";"96.92";"A";"96.92";"A";"96.92";"A";"96.91";"A";"96.91";"A";"96.92";"A";"96.92";"A";"96.92";"A";"96.92";"A";"96.92";"A";"96.82";"A";"96.81";"A";"96.82";"A";"96.81";"A";"96.81";"A";"96.82";"A";"96.81";"A";"96.81";"A";"96.8";"A";"96.8";"A";"96.8";"A";"96.82";"A"
"1997-01";"95.12";"A";"95.12";"A";"95.13";"A";"95.13";"A";"95.13";"A";"95.13";"A";"95.12";"A";"95.12";"A";"95.11";"A";"95.12";"A";"95.12";"A";"95.12";"A";"95.12";"A";"95.12";"A";"95.02";"A";"95.02";"A";"95.02";"A";"95.02";"A";"95.02";"A";"95.02";"A";"95.01";"A";"95.02";"A";"95.01";"A";"95.0";"A";"95.0";"A";"95.02";"A"
"1997-02";"95.67";"A";"95.68";"A";"95.68";"A";"95.68";"A";"95.68";"A";"95.68";"A";"95.68";"A";"95.67";"A";"95.67";"A";"95.67";"A";"95.67";"A";"95.68";"A";"95.67";"A";"95.67";"A";"95.57";"A";"95.57";"A";"95.57";"A";"95.57";"A";"95.57";"A";"95.57";"A";"95.56";"A";"95.57";"A";"95.56";"A";"95.55";"A";"95.55";"A";"95.57";"A"
"1997-03";"95.25";"A";"95.25";"A";"95.26";"A";"95.25";"A";"95.25";"A";"95.25";"A";"95.25";"A";"95.24";"A";"95.24";"A";"95.25";"A";"95.25";"A";"95.25";"A";"95.25";"A";"95.24";"A";"95.14";"A";"95.13";"A";"95.14";"A";"95.13";"A";"95.13";"A";"95.14";"A";"95.13";"A";"95.13";"A";"95.13";"A";"95.12";"A";"95.12";"A";"95.14";"A"
"1997-04";"98.6";"A";"98.6";"A";"98.61";"A";"98.6";"A";"98.6";"A";"98.6";"A";"98.6";"A";"98.59";"A";"98.59";"A";"98.6";"A";"98.6";"A";"98.6";"A";"98.6";"A";"98.6";"A";"98.48";"A";"98.48";"A";"98.48";"A";"98.48";"A";"98.48";"A";"98.49";"A";"98.48";"A";"98.48";"A";"98.47";"A";"98.47";"A";"98.47";"A";"98.48";"A"
"1997-05";"97.31";"A";"97.32";"A";"97.32";"A";"97.32";"A";"97.32";"A";"97.32";"A";"97.32";"A";"97.31";"A";"97.31";"A";"97.32";"A";"97.32";"A";"97.32";"A";"97.32";"A";"97.31";"A";"97.21";"A";"97.2";"A";"97.2";"A";"97.2";"A";"97.2";"A";"97.21";"A";"97.2";"A";"97.2";"A";"97.19";"A";"97.19";"A";"97.19";"A";"97.21";"A"
"1997-06";"96.8";"A";"96.8";"A";"96.81";"A";"96.8";"A";"96.8";"A";"96.8";"A";"96.8";"A";"96.79";"A";"96.79";"A";"96.8";"A";"96.8";"A";"96.8";"A";"96.8";"A";"96.8";"A";"96.69";"A";"96.68";"A";"96.69";"A";"96.68";"A";"96.68";"A";"96.69";"A";"96.68";"A";"96.68";"A";"96.67";"A";"96.67";"A";"96.67";"A";"96.69";"A"
"1997-07";"94.88";"A";"94.89";"A";"94.89";"A";"94.89";"A";"94.89";"A";"94.89";"A";"94.89";"A";"94.88";"A";"94.88";"A";"94.88";"A";"94.88";"A";"94.88";"A";"94.88";"A";"94.88";"A";"94.78";"A";"94.78";"A";"94.78";"A";"94.78";"A";"94.78";"A";"94.78";"A";"94.77";"A";"94.78";"A";"94.77";"A";"94.76";"A";"94.76";"A";"94.78";"A"
"1997-08";"97.62";"A";"97.63";"A";"97.63";"A";"97.63";"A";"97.63";"A";"97.63";"A";"97.63";"A";"97.62";"A";"97.62";"A";"97.63";"A";"97.63";"A";"97.63";"A";"97.63";"A";"97.62";"A";"97.52";"A";"97.52";"A";"97.52";"A";"97.52";"A";"97.52";"A";"97.52";"A";"97.51";"A";"97.52";"A";"97.51";"A";"97.5";"A";"97.51";"A";"97.52";"A"
"1997-09";"98.61";"A";"98.61";"A";"98.62";"A";"98.61";"A";"98.61";"A";"98.61";"A";"98.61";"A";"98.6";"A";"98.6";"A";"98.61";"A";"98.61";"A";"98.61";"A";"98.61";"A";"98.61";"A";"98.51";"A";"98.51";"A";"98.51";"A";"98.51";"A";"98.51";"A";"98.51";"A";"98.5";"A";"98.51";"A";"98.5";"A";"98.49";"A";"98.49";"A";"98.51";"A"
"1997-10";"100.05";"A";"100.05";"A";"100.06";"A";"100.06";"A";"100.06";"A";"100.06";"A";"100.06";"A";"100.05";"A";"100.05";"A";"100.06";"A";"100.06";"A";"100.06";"A";"100.06";"A";"100.05";"A";"99.95";"A";"99.95";"A";"99.95";"A";"99.95";"A";"99.95";"A";"99.95";"A";"99.94";"A";"99.94";"A";"99.94";"A";"99.93";"A";"99.93";"A";"99.95";"A"
"1997-11";"99.12";"A";"99.13";"A";"99.13";"A";"99.13";"A";"99.13";"A";"99.13";"A";"99.13";"A";"99.12";"A";"99.12";"A";"99.13";"A";"99.13";"A";"99.13";"A";"99.13";"A";"99.12";"A";"99.02";"A";"99.02";"A";"99.02";"A";"99.02";"A";"99.02";"A";"99.02";"A";"99.01";"A";"99.02";"A";"99.01";"A";"99.0";"A";"99.0";"A";"99.02";"A"
"1997-12";"101.61";"A";"101.62";"A";"101.62";"A";"101.62";"A";"101.62";"A";"101.62";"A";"101.62";"A";"101.61";"A";"101.61";"A";"101.62";"A";"101.62";"A";"101.62";"A";"101.62";"A";"101.61";"A";"101.51";"A";"101.51";"A";"101.51";"A";"101.51";"A";"101.51";"A";"101.52";"A";"101.5";"A";"101.51";"A";"101.5";"A";"101.49";"A";"101.5";"A";"101.51";"A"
"1998-01";"100.83";"A";"100.84";"A";"100.84";"A";"100.84";"A";"100.84";"A";"100.84";"A";"100.84";"A";"100.83";"A";"100.83";"A";"100.84";"A";"100.84";"A";"100.84";"A";"100.84";"A";"100.83";"A";"100.72";"A";"100.72";"A";"100.72";"A";"100.72";"A";"100.71";"A";"100.72";"A";"100.71";"A";"100.71";"A";"100.71";"A";"100.7";"A";"100.7";"A";"100.72";"A"
"1998-02";"99.47";"A";"99.47";"A";"99.48";"A";"99.47";"A";"99.47";"A";"99.47";"A";"99.47";"A";"99.46";"A";"99.46";"A";"99.47";"A";"99.47";"A";"99.47";"A";"99.47";"A";"99.47";"A";"99.36";"A";"99.36";"A";"99.36";"A";"99.36";"A";"99.36";"A";"99.37";"A";"99.35";"A";"99.36";"A";"99.35";"A";"99.34";"A";"99.35";"A";"99.36";"A"
"1998-03";"99.35";"A";"99.35";"A";"99.36";"A";"99.36";"A";"99.36";"A";"99.36";"A";"99.36";"A";"99.35";"A";"99.35";"A";"99.36";"A";"99.35";"A";"99.36";"A";"99.35";"A";"99.35";"A";"99.25";"A";"99.25";"A";"99.25";"A";"99.25";"A";"99.24";"A";"99.25";"A";"99.24";"A";"99.24";"A";"99.24";"A";"99.23";"A";"99.23";"A";"99.25";"A"
"1998-04";"97.8";"A";"97.8";"A";"97.81";"A";"97.81";"A";"97.81";"A";"97.81";"A";"97.8";"A";"97.8";"A";"97.8";"A";"97.8";"A";"97.8";"A";"97.8";"A";"97.8";"A";"97.8";"A";"97.7";"A";"97.7";"A";"97.7";"A";"97.7";"A";"97.7";"A";"97.71";"A";"97.7";"A";"97.7";"A";"97.69";"A";"97.69";"A";"97.69";"A";"97.7";"A"
"1998-05";"97.18";"A";"97.18";"A";"97.19";"A";"97.19";"A";"97.19";"A";"97.19";"A";"97.19";"A";"97.18";"A";"97.18";"A";"97.18";"A";"97.18";"A";"97.19";"A";"97.18";"A";"97.18";"A";"97.08";"A";"97.08";"A";"97.08";"A";"97.08";"A";"97.08";"A";"97.09";"A";"97.07";"A";"97.08";"A";"97.07";"A";"97.07";"A";"97.07";"A";"97.08";"A"
"1998-06";"97.08";"A";"97.09";"A";"97.09";"A";"97.09";"A";"97.09";"A";"97.09";"A";"97.09";"A";"97.08";"A";"97.08";"A";"97.09";"A";"97.09";"A";"97.09";"A";"97.08";"A";"97.08";"A";"97.0";"A";"97.0";"A";"97.0";"A";"97.0";"A";"96.99";"A";"97.0";"A";"96.99";"A";"96.99";"A";"96.99";"A";"96.98";"A";"96.98";"A";"97.0";"A"
"1998-07";"99.56";"A";"99.57";"A";"99.57";"A";"99.57";"A";"99.57";"A";"99.57";"A";"99.57";"A";"99.56";"A";"99.56";"A";"99.57";"A";"99.57";"A";"99.57";"A";"99.57";"A";"99.56";"A";"99.47";"A";"99.46";"A";"99.47";"A";"99.46";"A";"99.46";"A";"99.47";"A";"99.46";"A";"99.46";"A";"99.45";"A";"99.45";"A";"99.45";"A";"99.47";"A"
"1998-08";"96.26";"A";"96.26";"A";"96.27";"A";"96.27";"A";"96.27";"A";"96.27";"A";"96.27";"A";"96.26";"A";"96.26";"A";"96.26";"A";"96.26";"A";"96.26";"A";"96.26";"A";"96.26";"A";"96.16";"A";"96.15";"A";"96.16";"A";"96.15";"A";"96.15";"A";"96.16";"A";"96.15";"A";"96.15";"A";"96.15";"A";"96.14";"A";"96.14";"A";"96.16";"A"
"1998-09";"96.33";"A";"96.33";"A";"96.34";"A";"96.33";"A";"96.33";"A";"96.33";"A";"96.33";"A";"96.32";"A";"96.32";"A";"96.33";"A";"96.33";"A";"96.33";"A";"96.33";"A";"96.33";"A";"96.23";"A";"96.23";"A";"96.23";"A";"96.23";"A";"96.22";"A";"96.23";"A";"96.22";"A";"96.22";"A";"96.22";"A";"96.21";"A";"96.21";"A";"96.23";"A"
"1998-10";"97.0";"A";"97.0";"A";"97.01";"A";"97.01";"A";"97.01";"A";"97.01";"A";"97.0";"A";"97.0";"A";"96.99";"A";"97.0";"A";"97.0";"A";"97.0";"A";"97.0";"A";"97.0";"A";"96.9";"A";"96.9";"A";"96.9";"A";"96.9";"A";"96.9";"A";"96.91";"A";"96.9";"A";"96.9";"A";"96.89";"A";"96.89";"A";"96.89";"A";"96.91";"A"
"1998-11";"94.76";"A";"94.77";"A";"94.77";"A";"94.77";"A";"94.77";"A";"94.77";"A";"94.77";"A";"94.76";"A";"94.76";"A";"94.76";"A";"94.76";"A";"94.76";"A";"94.76";"A";"94.76";"A";"94.67";"A";"94.67";"A";"94.67";"A";"94.67";"A";"94.67";"A";"94.68";"A";"94.66";"A";"94.67";"A";"94.66";"A";"94.66";"A";"94.66";"A";"94.67";"A"
"1998-12";"96.4";"A";"96.4";"A";"96.41";"A";"96.41";"A";"96.41";"A";"96.41";"A";"96.4";"A";"96.4";"A";"96.4";"A";"96.4";"A";"96.4";"A";"96.4";"A";"96.4";"A";"96.4";"A";"96.3";"A";"96.3";"A";"96.3";"A";"96.3";"A";"96.3";"A";"96.31";"A";"96.29";"A";"96.3";"A";"96.29";"A";"96.29";"A";"96.29";"A";"96.3";"A"
"1999-01";"97.98";"A";"97.99";"A";"97.99";"A";"97.99";"A";"97.99";"A";"97.99";"A";"97.99";"A";"97.98";"A";"97.98";"A";"97.99";"A";"97.99";"A";"97.99";"A";"97.98";"A";"97.98";"A";"97.89";"A";"97.89";"A";"97.89";"A";"97.89";"A";"97.89";"A";"97.89";"A";"97.88";"A";"97.89";"A";"97.88";"A";"97.87";"A";"97.87";"A";"97.89";"A"
"1999-02";"96.7";"A";"96.71";"A";"96.71";"A";"96.71";"A";"96.71";"A";"96.71";"A";"96.71";"A";"96.7";"A";"96.7";"A";"96.7";"A";"96.7";"A";"96.71";"A";"96.7";"A";"96.7";"A";"96.62";"A";"96.61";"A";"96.62";"A";"96.61";"A";"96.61";"A";"96.62";"A";"96.61";"A";"96.61";"A";"96.6";"A";"96.6";"A";"96.6";"A";"96.62";"A"
"1999-03";"97.82";"A";"97.82";"A";"97.83";"A";"97.82";"A";"97.82";"A";"97.82";"A";"97.82";"A";"97.81";"A";"97.81";"A";"97.82";"A";"97.82";"A";"97.82";"A";"97.82";"A";"97.81";"A";"97.73";"A";"97.73";"A";"97.73";"A";"97.73";"A";"97.73";"A";"97.73";"A";"97.72";"A";"97.73";"A";"97.72";"A";"97.71";"A";"97.71";"A";"97.73";"A"
"1999-04";"95.62";"A";"95.62";"A";"95.63";"A";"95.63";"A";"95.63";"A";"95.63";"A";"95.62";"A";"95.62";"A";"95.62";"A";"95.62";"A";"95.62";"A";"95.62";"A";"95.62";"A";"95.62";"A";"95.53";"A";"95.53";"A";"95.53";"A";"95.53";"A";"95.53";"A";"95.54";"A";"95.53";"A";"95.53";"A";"95.52";"A";"95.52";"A";"95.52";"A";"95.53";"A"
"1999-05";"96.06";"A";"96.07";"A";"96.07";"A";"96.07";"A";"96.07";"A";"96.07";"A";"96.07";"A";"96.06";"A";"96.06";"A";"96.07";"A";"96.07";"A";"96.07";"A";"96.06";"A";"96.06";"A";"95.96";"A";"95.96";"A";"95.96";"A";"95.96";"A";"95.95";"A";"95.96";"A";"95.95";"A";"95.95";"A";"95.95";"A";"95.94";"A";"95.94";"A";"95.96";"A"
"1999-06";"97.54";"A";"97.54";"A";"97.55";"A";"97.55";"A";"97.55";"A";"97.55";"A";"97.54";"A";"97.54";"A";"97.53";"A";"97.54";"A";"97.54";"A";"97.54";"A";"97.54";"A";"97.54";"A";"97.46";"A";"97.46";"A";"97.46";"A";"97.46";"A";"97.45";"A";"97.46";"A";"97.45";"A";"97.45";"A";"97.45";"A";"97.44";"A";"97.44";"A";"97.46";"A"
"1999-07";"98.02";"A";"98.02";"A";"98.03";"A";"98.02";"A";"98.02";"A";"98.02";"A";"98.02";"A";"98.02";"A";"98.01";"A";"98.02";"A";"98.02";"A";"98.02";"A";"98.02";"A";"98.02";"A";"97.92";"A";"97.92";"A";"97.92";"A";"97.92";"A";"97.92";"A";"97.93";"A";"97.92";"A";"97.92";"A";"97.91";"A";"97.91";"A";"97.91";"A";"97.92";"A"
"1999-08";"95.71";"A";"95.71";"A";"95.72";"A";"95.71";"A";"95.71";"A";"95.71";"A";"95.71";"A";"95.7";"A";"95.7";"A";"95.71";"A";"95.71";"A";"95.71";"A";"95.71";"A";"95.7";"A";"95.6";"A";"95.59";"A";"95.6";"A";"95.59";"A";"95.59";"A";"95.6";"A";"95.59";"A";"95.59";"A";"95.58";"A";"95.58";"A";"95.58";"A";"95.6";"A"
"1999-09";"98.78";"A";"98.78";"A";"98.79";"A";"98.79";"A";"98.79";"A";"98.79";"A";"98.78";"A";"98.78";"A";"98.77";"A";"98.78";"A";"98.78";"A";"98.78";"A";"98.78";"A";"98.78";"A";"98.68";"A";"98.67";"A";"98.68";"A";"98.67";"A";"98.67";"A";"98.68";"A";"98.67";"A";"98.67";"A";"98.66";"A";"98.66";"A";"98.66";"A";"98.68";"A"
"1999-10";"100.18";"A";"100.19";"A";"100.2";"A";"100.19";"A";"100.19";"A";"100.19";"A";"100.19";"A";"100.18";"A";"100.18";"A";"100.19";"A";"100.19";"A";"100.19";"A";"100.19";"A";"100.18";"A";"100.08";"A";"100.08";"A";"100.08";"A";"100.08";"A";"100.08";"A";"100.08";"A";"100.07";"A";"100.08";"A";"100.07";"A";"100.06";"A";"100.06";"A";"100.08";"A"
"1999-11";"100.19";"A";"100.2";"A";"100.2";"A";"100.2";"A";"100.2";"A";"100.2";"A";"100.2";"A";"100.19";"A";"100.19";"A";"100.2";"A";"100.2";"A";"100.2";"A";"100.2";"A";"100.19";"A";"100.1";"A";"100.1";"A";"100.1";"A";"100.09";"A";"100.09";"A";"100.1";"A";"100.09";"A";"100.09";"A";"100.08";"A";"100.08";"A";"100.08";"A";"100.1";"A"
"1999-12";"94.55";"A";"94.55";"A";"94.56";"A";"94.56";"A";"94.56";"A";"94.56";"A";"94.55";"A";"94.55";"A";"94.54";"A";"94.55";"A";"94.55";"A";"94.55";"A";"94.55";"A";"94.55";"A";"94.46";"A";"94.46";"A";"94.46";"A";"94.46";"A";"94.46";"A";"94.47";"A";"94.45";"A";"94.46";"A";"94.45";"A";"94.45";"A";"94.45";"A";"94.46";"A"
"2000-01";"93.95";"A";"93.95";"A";"93.96";"A";"93.96";"A";"93.96";"A";"93.96";"A";"93.96";"A";"93.95";"A";"93.95";"A";"93.95";"A";"93.95";"A";"93.95";"A";"93.95";"A";"93.95";"A";"93.85";"A";"93.85";"A";"93.85";"A";"93.85";"A";"93.85";"A";"93.86";"A";"93.85";"A";"93.85";"A";"93.84";"A";"93.84";"A";"93.84";"A";"93.85";"A"
"2000-02";"95.16";"A";"95.16";"A";"95.17";"A";"95.16";"A";"95.16";"A";"95.16";"A";"95.16";"A";"95.15";"A";"95.15";"A";"95.16";"A";"95.16";"A";"95.16";"A";"95.16";"A";"95.15";"A";"95.06";"A";"95.05";"A";"95.06";"A";"95.05";"A";"95.05";"A";"95.06";"A";"95.05";"A";"95.05";"A";"95.04";"A";"95.04";"A";"95.04";"A";"95.06";"A"
"2000-03";"95.88";"A";"95.89";"A";"95.89";"A";"95.89";"A";"95.89";"A";"95.89";"A";"95.89";"A";"95.88";"A";"95.88";"A";"95.88";"A";"95.88";"A";"95.89";"A";"95.88";"A";"95.88";"A";"95.79";"A";"95.78";"A";"95.79";"A";"95.78";"A";"95.78";"A";"95.79";"A";"95.78";"A";"95.78";"A";"95.77";"A";"95.77";"A";"95.77";"A";"95.79";"A"
"2000-04";"97.19";"A";"97.2";"A";"97.2";"A";"97.2";"A";"97.2";"A";"97.2";"A";"97.2";"A";"97.19";"A";"97.19";"A";"97.2";"A";"97.2";"A";"97.2";"A";"97.2";"A";"97.19";"A";"97.09";"A";"97.09";"A";"97.09";"A";"97.09";"A";"97.09";"A";"97.09";"A";"97.08";"A";"97.09";"A";"97.08";"A";"97.07";"A";"97.08";"A";"97.09";"A"
"2000-05";"97.18";"A";"97.18";"A";"97.19";"A";"97.18";"A";"97.18";"A";"97.18";"A";"97.18";"A";"97.17";"A";"97.17";"A";"97.18";"A";"97.18";"A";"97.18";"A";"97.18";"A";"97.18";"A";"97.07";"A";"97.07";"A";"97.07";"A";"97.07";"A";"97.07";"A";"97.08";"A";"97.07";"A";"97.07";"A";"97.06";"A";"97.06";"A";"97.06";"A";"97.07";"A"
"2000-06";"95.49";"A";"95.49";"A";"95.49";"A";"95.49";"A";"95.49";"A";"95.49";"A";"95.49";"A";"95.48";"A";"95.48";"A";"95.48";"A";"95.48";"A";"95.49";"A";"95.48";"A";"95.48";"A";"95.39";"A";"95.38";"A";"95.39";"A";"95.38";"A";"95.38";"A";"95.39";"A";"95.38";"A";"95.38";"A";"95.37";"A";"95.37";"A";"95.37";"A";"95.39";"A"
"2000-07";"97.96";"A";"97.97";"A";"97.97";"A";"97.97";"A";"97.97";"A";"97.97";"A";"97.97";"A";"97.96";"A";"97.96";"A";"97.96";"A";"97.96";"A";"97.97";"A";"97.96";"A";"97.96";"A";"97.87";"A";"97.87";"A";"97.87";"A";"97.87";"A";"97.87";"A";"97.87";"A";"97.86";"A";"97.86";"A";"97.86";"A";"97.85";"A";"97.85";"A";"97.87";"A"
"2000-08";"98.26";"A";"98.26";"A";"98.27";"A";"98.27";"A";"98.27";"A";"98.27";"A";"98.26";"A";"98.26";"A";"98.25";"A";"98.26";"A";"98.26";"A";"98.26";"A";"98.26";"A";"98.26";"A";"98.16";"A";"98.16";"A";"98.16";"A";"98.16";"A";"98.16";"A";"98.16";"A";"98.15";"A";"98.16";"A";"98.15";"A";"98.14";"A";"98.14";"A";"98.16";"A"
"2000-09";"96.78";"A";"96.78";"A";"96.79";"A";"96.79";"A";"96.79";"A";"96.79";"A";"96.79";"A";"96.78";"A";"96.78";"A";"96.78";"A";"96.78";"A";"96.78";"A";"96.78";"A";"96.78";"A";"96.68";"A";"96.68";"A";"96.68";"A";"96.68";"A";"96.68";"A";"96.68";"A";"96.67";"A";"96.68";"A";"96.67";"A";"96.66";"A";"96.66";"A";"96.68";"A"
"2000-10";"96.71";"A";"96.71";"A";"96.72";"A";"96.71";"A";"96.71";"A";"96.71";"A";"96.71";"A";"96.7";"A";"96.7";"A";"96.71";"A";"96.71";"A";"96.71";"A";"96.71";"A";"96.71";"A";"96.61";"A";"96.6";"A";"96.61";"A";"96.6";"A";"96.6";"A";"96.61";"A";"96.6";"A";"96.6";"A";"96.59";"A";"96.59";"A";"96.59";"A";"96.61";"A"
"2000-11";"95.58";"A";"95.58";"A";"95.59";"A";"95.59";"A";"95.59";"A";"95.59";"A";"95.58";"A";"95.58";"A";"95.58";"A";"95.58";"A";"95.58";"A";"95.58";"A";"95.58";"A";"95.58";"A";"95.48";"A";"95.47";"A";"95.48";"A";"95.47";"A";"95.47";"A";"95.48";"A";"95.47";"A";"95.47";"A";"95.46";"A";"95.46";"A";"95.46";"A";"95.48";"A"
"2000-12";"97.35";"A";"97.36";"A";"97.36";"A";"97.36";"A";"97.36";"A";"97.36";"A";"97.36";"A";"97.35";"A";"97.35";"A";"97.36";"A";"97.35";"A";"97.36";"A";"97.35";"A";"97.35";"A";"97.25";"A";"97.25";"A";"97.25";"A";"97.25";"A";"97.25";"A";"97.25";"A";"97.24";"A";"97.25";"A";"97.24";"A";"97.23";"A";"97.23";"A";"97.25";"A"
"2001-01";"93.81";"A";"93.81";"A";"93.82";"A";"93.81";"A";"93.81";"A";"93.81";"A";"93.81";"A";"93.8";"A";"93.8";"A";"93.81";"A";"93.81";"A";"93.81";"A";"93.81";"A";"93.8";"A";"93.71";"A";"93.71";"A";"93.71";"A";"93.71";"A";"93.71";"A";"93.71";"A";"93.7";"A";"93.71";"A";"93.7";"A";"93.69";"A";"93.69";"A";"93.71";"A"
"2001-02";"95.71";"A";"95.72";"A";"95.72";"A";"95.72";"A";"95.72";"A";"95.72";"A";"95.72";"A";"95.71";"A";"95.71";"A";"95.71";"A";"95.71";"A";"95.71";"A";"95.71";"A";"95.71";"A";"95.61";"A";"95.61";"A";"95.61";"A";"95.61";"A";"95.61";"A";"95.62";"A";"95.61";"A";"95.61";"A";"95.6";"A";"95.6";"A";"95.6";"A";"95.61";"A"
"2001-03";"94.22";"A";"94.23";"A";"94.23";"A";"94.23";"A";"94.23";"A";"94.23";"A";"94.23";"A";"94.22";"A";"94.22";"A";"94.22";"A";"94.22";"A";"94.22";"A";"94.22";"A";"94.22";"A";"94.13";"A";"94.12";"A";"94.13";"A";"94.12";"A";"94.12";"A";"94.13";"A";"94.12";"A";"94.12";"A";"94.11";"A";"94.11";"A";"94.11";"A";"94.13";"A"
"2001-04";"98.95";"A";"98.95";"A";"98.96";"A";"98.95";"A";"98.95";"A";"98.95";"A";"98.95";"A";"98.94";"A";"98.94";"A";"98.95";"A";"98.95";"A";"98.95";"A";"98.95";"A";"98.95";"A";"98.84";"A";"98.84";"A";"98.84";"A";"98.84";"A";"98.84";"A";"98.85";"A";"98.84";"A";"98.84";"A";"98.83";"A";"98.83";"A";"98.83";"A";"98.84";"A"
"2001-05";"99.24";"A";"99.25";"A";"99.25";"A";"99.25";"A";"99.25";"A";"99.25";"A";"99.25";"A";"99.24";"A";"99.24";"A";"99.24";"A";"99.24";"A";"99.24";"A";"99.24";"A";"99.24";"A";"99.14";"A";"99.14";"A";"99.14";"A";"99.14";"A";"99.14";"A";"99.14";"A";"99.13";"A";"99.14";"A";"99.13";"A";"99.12";"A";"99.12";"A";"99.14";"A"
"2001-06";"97.78";"A";"97.78";"A";"97.79";"A";"97.79";"A";"97.79";"A";"97.79";"A";"97.78";"A";"97.78";"A";"97.77";"A";"97.78";"A";"97.78";"A";"97.78";"A";"97.78";"A";"97.78";"A";"97.67";"A";"97.67";"A";"97.67";"A";"97.67";"A";"97.67";"A";"97.68";"A";"97.67";"A";"97.67";"A";"97.66";"A";"97.66";"A";"97.66";"A";"97.68";"A"
"2001-07";"97.14";"A";"97.15";"A";"97.15";"A";"97.15";"A";"97.15";"A";"97.15";"A";"97.15";"A";"97.14";"A";"97.14";"A";"97.14";"A";"97.14";"A";"97.14";"A";"97.14";"A";"97.14";"A";"97.03";"A";"97.02";"A";"97.02";"A";"97.02";"A";"97.02";"A";"97.03";"A";"97.02";"A";"97.02";"A";"97.01";"A";"97.01";"A";"97.01";"A";"97.03";"A"
"2001-08";"98.44";"A";"98.44";"A";"98.45";"A";"98.44";"A";"98.44";"A";"98.44";"A";"98.44";"A";"98.44";"A";"98.43";"A";"98.44";"A";"98.44";"A";"98.44";"A";"98.44";"A";"98.44";"A";"98.34";"A";"98.34";"A";"98.34";"A";"98.34";"A";"98.33";"A";"98.34";"A";"98.33";"A";"98.33";"A";"98.33";"A";"98.32";"A";"98.32";"A";"98.34";"A"
"2001-09";"98.55";"A";"98.56";"A";"98.56";"A";"98.56";"A";"98.56";"A";"98.56";"A";"98.56";"A";"98.55";"A";"98.55";"A";"98.56";"A";"98.56";"A";"98.56";"A";"98.55";"A";"98.55";"A";"98.45";"A";"98.45";"A";"98.45";"A";"98.45";"A";"98.45";"A";"98.46";"A";"98.44";"A";"98.45";"A";"98.44";"A";"98.43";"A";"98.44";"A";"98.45";"A"
"2001-10";"99.25";"A";"99.25";"A";"99.26";"A";"99.26";"A";"99.26";"A";"99.26";"A";"99.25";"A";"99.25";"A";"99.24";"A";"99.25";"A";"99.25";"A";"99.25";"A";"99.25";"A";"99.25";"A";"99.15";"A";"99.15";"A";"99.15";"A";"99.15";"A";"99.15";"A";"99.16";"A";"99.15";"A";"99.15";"A";"99.14";"A";"99.14";"A";"99.14";"A";"99.16";"A"
"2001-11";"97.57";"A";"97.57";"A";"97.57";"A";"97.57";"A";"97.57";"A";"97.57";"A";"97.57";"A";"97.56";"A";"97.56";"A";"97.56";"A";"97.56";"A";"97.57";"A";"97.56";"A";"97.56";"A";"97.47";"A";"97.47";"A";"97.47";"A";"97.47";"A";"97.46";"A";"97.47";"A";"97.46";"A";"97.46";"A";"97.46";"A";"97.45";"A";"97.45";"A";"97.47";"A"
"2001-12";"99.48";"A";"99.48";"A";"99.49";"A";"99.49";"A";"99.49";"A";"99.49";"A";"99.49";"A";"99.48";"A";"99.48";"A";"99.48";"A";"99.48";"A";"99.48";"A";"99.48";"A";"99.48";"A";"99.38";"A";"99.38";"A";"99.38";"A";"99.38";"A";"99.37";"A";"99.38";"A";"99.37";"A";"99.37";"A";"99.37";"A";"99.36";"A";"99.36";"A";"99.38";"A"
"2002-01";"99.32";"A";"99.32";"A";"99.33";"A";"99.33";"A";"99.33";"A";"99.33";"A";"99.33";"A";"99.32";"A";"99.32";"A";"99.32";"A";"99.32";"A";"99.32";"A";"99.32";"A";"99.32";"A";"99.22";"A";"99.21";"A";"99.22";"A";"99.21";"A";"99.21";"A";"99.22";"A";"99.21";"A";"99.21";"A";"99.2";"A";"99.2";"A";"99.2";"A";"99.22";"A"
"2002-02";"100.2";"A";"100.2";"A";"100.21";"A";"100.2";"A";"100.2";"A";"100.2";"A";"100.2";"A";"100.19";"A";"100.19";"A";"100.2";"A";"100.2";"A";"100.2";"A";"100.2";"A";"100.2";"A";"100.09";"A";"100.09";"A";"100.09";"A";"100.08";"A";"100.08";"A";"100.09";"A";"100.08";"A";"100.08";"A";"100.08";"A";"100.07";"A";"100.07";"A";"100.09";"A"
"2002-03";"100.84";"A";"100.84";"A";"100.85";"A";"100.85";"A";"100.85";"A";"100.85";"A";"100.84";"A";"100.84";"A";"100.84";"A";"100.84";"A";"100.84";"A";"100.84";"A";"100.84";"A";"100.84";"A";"100.73";"A";"100.73";"A";"100.73";"A";"100.73";"A";"100.73";"A";"100.73";"A";"100.72";"A";"100.73";"A";"100.72";"A";"100.71";"A";"100.71";"A";"100.73";"A"
"2002-04";"98.27";"A";"98.27";"A";"98.28";"A";"98.28";"A";"98.28";"A";"98.28";"A";"98.28";"A";"98.27";"A";"98.27";"A";"98.27";"A";"98.27";"A";"98.27";"A";"98.27";"A";"98.27";"A";"98.17";"A";"98.17";"A";"98.17";"A";"98.17";"A";"98.17";"A";"98.18";"A";"98.17";"A";"98.17";"A";"98.16";"A";"98.16";"A";"98.16";"A";"98.17";"A"
"2002-05";"99.83";"A";"99.84";"A";"99.84";"A";"99.84";"A";"99.84";"A";"99.84";"A";"99.84";"A";"99.83";"A";"99.83";"A";"99.83";"A";"99.83";"A";"99.83";"A";"99.83";"A";"99.83";"A";"99.74";"A";"99.74";"A";"99.74";"A";"99.74";"A";"99.74";"A";"99.75";"A";"99.74";"A";"99.74";"A";"99.73";"A";"99.73";"A";"99.73";"A";"99.74";"A"
"2002-06";"97.42";"A";"97.42";"A";"97.43";"A";"97.42";"A";"97.42";"A";"97.43";"A";"97.42";"A";"97.42";"A";"97.41";"A";"97.42";"A";"97.42";"A";"97.42";"A";"97.42";"A";"97.42";"A";"97.31";"A";"97.31";"A";"97.31";"A";"97.31";"A";"97.31";"A";"97.31";"A";"97.3";"A";"97.31";"A";"97.3";"A";"97.29";"A";"97.29";"A";"97.31";"A"
"2002-07";"97.13";"A";"97.13";"A";"97.14";"A";"97.13";"A";"97.14";"A";"97.14";"A";"97.13";"A";"97.13";"A";"97.12";"A";"97.13";"A";"97.13";"A";"97.13";"A";"97.13";"A";"97.13";"A";"97.02";"A";"97.02";"A";"97.02";"A";"97.02";"A";"97.02";"A";"97.03";"A";"97.02";"A";"97.02";"A";"97.01";"A";"97.01";"A";"97.01";"A";"97.02";"A"
"2002-08";"100.89";"A";"100.89";"A";"100.9";"A";"100.89";"A";"100.89";"A";"100.89";"A";"100.89";"A";"100.88";"A";"100.88";"A";"100.89";"A";"100.89";"A";"100.89";"A";"100.89";"A";"100.88";"A";"100.78";"A";"100.77";"A";"100.78";"A";"100.77";"A";"100.77";"A";"100.78";"A";"100.77";"A";"100.77";"A";"100.76";"A";"100.76";"A";"100.76";"A";"100.78";"A"
"2002-09";"98.18";"A";"98.18";"A";"98.19";"A";"98.18";"A";"98.19";"A";"98.19";"A";"98.18";"A";"98.18";"A";"98.17";"A";"98.18";"A";"98.18";"A";"98.18";"A";"98.18";"A";"98.18";"A";"98.07";"A";"98.07";"A";"98.07";"A";"98.07";"A";"98.07";"A";"98.07";"A";"98.06";"A";"98.07";"A";"98.06";"A";"98.05";"A";"98.05";"A";"98.07";"A"
"2002-10";"98.36";"A";"98.37";"A";"98.37";"A";"98.37";"A";"98.37";"A";"98.37";"A";"98.37";"A";"98.36";"A";"98.36";"A";"98.37";"A";"98.37";"A";"98.37";"A";"98.36";"A";"98.36";"A";"98.26";"A";"98.25";"A";"98.26";"A";"98.25";"A";"98.25";"A";"98.26";"A";"98.25";"A";"98.25";"A";"98.25";"A";"98.24";"A";"98.24";"A";"98.26";"A"
"2002-11";"98.78";"A";"98.78";"A";"98.79";"A";"98.79";"A";"98.79";"A";"98.79";"A";"98.78";"A";"98.78";"A";"98.77";"A";"98.78";"A";"98.78";"A";"98.78";"A";"98.78";"A";"98.78";"A";"98.67";"A";"98.66";"A";"98.67";"A";"98.66";"A";"98.66";"A";"98.67";"A";"98.66";"A";"98.66";"A";"98.66";"A";"98.65";"A";"98.65";"A";"98.67";"A"
"2002-12";"98.23";"A";"98.23";"A";"98.24";"A";"98.23";"A";"98.23";"A";"98.23";"A";"98.23";"A";"98.22";"A";"98.22";"A";"98.23";"A";"98.23";"A";"98.23";"A";"98.23";"A";"98.23";"A";"98.12";"A";"98.12";"A";"98.12";"A";"98.12";"A";"98.11";"A";"98.12";"A";"98.11";"A";"98.11";"A";"98.11";"A";"98.1";"A";"98.1";"A";"98.12";"A"
"2003-01";"97.78";"A";"97.78";"A";"97.79";"A";"97.79";"A";"97.79";"A";"97.79";"A";"97.78";"A";"97.78";"A";"97.77";"A";"97.78";"A";"97.78";"A";"97.78";"A";"97.78";"A";"97.78";"A";"97.67";"A";"97.67";"A";"97.67";"A";"97.67";"A";"97.67";"A";"97.67";"A";"97.66";"A";"97.67";"A";"97.66";"A";"97.65";"A";"97.65";"A";"97.67";"A"
"2003-02";"97.37";"A";"97.37";"A";"97.38";"A";"97.38";"A";"97.38";"A";"97.38";"A";"97.37";"A";"97.37";"A";"97.36";"A";"97.37";"A";"97.37";"A";"97.37";"A";"97.37";"A";"97.37";"A";"97.27";"A";"97.26";"A";"97.26";"A";"97.26";"A";"97.26";"A";"97.27";"A";"97.26";"A";"97.26";"A";"97.25";"A";"97.25";"A";"97.25";"A";"97.27";"A"
"2003-03";"97.9";"A";"97.9";"A";"97.91";"A";"97.91";"A";"97.91";"A";"97.91";"A";"97.9";"A";"97.9";"A";"97.89";"A";"97.9";"A";"97.9";"A";"97.9";"A";"97.9";"A";"97.9";"A";"97.79";"A";"97.78";"A";"97.79";"A";"97.78";"A";"97.78";"A";"97.79";"A";"97.78";"A";"97.78";"A";"97.77";"A";"97.77";"A";"97.77";"A";"97.79";"A"
"2003-04";"98.82";"A";"98.82";"A";"98.82";"A";"98.82";"A";"98.82";"A";"98.82";"A";"98.82";"A";"98.81";"A";"98.81";"A";"98.82";"A";"98.82";"A";"98.82";"A";"98.82";"A";"98.81";"A";"98.7";"A";"98.7";"A";"98.7";"A";"98.7";"A";"98.7";"A";"98.71";"A";"98.69";"A";"98.7";"A";"98.69";"A";"98.68";"A";"98.69";"A";"98.7";"A"
"2003-05";"97.27";"A";"97.28";"A";"97.28";"A";"97.28";"A";"97.28";"A";"97.28";"A";"97.28";"A";"97.27";"A";"97.27";"A";"97.27";"A";"97.27";"A";"97.27";"A";"97.27";"A";"97.27";"A";"97.17";"A";"97.17";"A";"97.17";"A";"97.17";"A";"97.17";"A";"97.18";"A";"97.17";"A";"97.17";"A";"97.16";"A";"97.16";"A";"97.16";"A";"97.17";"A"
"2003-06";"98.0";"A";"98.0";"A";"98.01";"A";"98.01";"A";"98.01";"A";"98.01";"A";"98.0";"A";"98.0";"A";"98.0";"A";"98.0";"A";"98.0";"A";"98.0";"A";"98.0";"A";"98.0";"A";"97.89";"A";"97.89";"A";"97.89";"A";"97.89";"A";"97.89";"A";"97.9";"A";"97.88";"A";"97.89";"A";"97.88";"A";"97.87";"A";"97.88";"A";"97.89";"A"
"2003-07";"97.59";"A";"97.59";"A";"97.6";"A";"97.6";"A";"97.6";"A";"97.6";"A";"97.59";"A";"97.59";"A";"97.58";"A";"97.59";"A";"97.59";"A";"97.59";"A";"97.59";"A";"97.59";"A";"97.46";"A";"97.46";"A";"97.46";"A";"97.46";"A";"97.46";"A";"97.47";"A";"97.46";"A";"97.46";"A";"97.45";"A";"97.45";"A";"97.45";"A";"97.46";"A"
"2003-08";"94.7";"A";"94.7";"A";"94.71";"A";"94.7";"A";"94.7";"A";"94.7";"A";"94.7";"A";"94.69";"A";"94.69";"A";"94.7";"A";"94.7";"A";"94.7";"A";"94.7";"A";"94.7";"A";"94.58";"A";"94.58";"A";"94.58";"A";"94.58";"A";"94.58";"A";"94.58";"A";"94.57";"A";"94.58";"A";"94.57";"A";"94.56";"A";"94.57";"A";"94.58";"A"
"2003-09";"98.12";"A";"98.12";"A";"98.13";"A";"98.12";"A";"98.12";"A";"98.12";"A";"98.12";"A";"98.11";"A";"98.11";"A";"98.12";"A";"98.12";"A";"98.12";"A";"98.12";"A";"98.12";"A";"98.01";"A";"98.0";"A";"98.01";"A";"98.0";"A";"98.0";"A";"98.01";"A";"98.0";"A";"98.0";"A";"97.99";"A";"97.99";"A";"97.99";"A";"98.01";"A"
"2003-10";"96.8";"A";"96.81";"A";"96.81";"A";"96.81";"A";"96.81";"A";"96.81";"A";"96.81";"A";"96.8";"A";"96.8";"A";"96.8";"A";"96.8";"A";"96.81";"A";"96.8";"A";"96.8";"A";"96.71";"A";"96.71";"A";"96.71";"A";"96.71";"A";"96.7";"A";"96.71";"A";"96.7";"A";"96.7";"A";"96.7";"A";"96.69";"A";"96.69";"A";"96.71";"A"
"2003-11";"96.38";"A";"96.38";"A";"96.39";"A";"96.39";"A";"96.39";"A";"96.39";"A";"96.38";"A";"96.38";"A";"96.38";"A";"96.38";"A";"96.38";"A";"96.38";"A";"96.38";"A";"96.38";"A";"96.27";"A";"96.26";"A";"96.26";"A";"96.26";"A";"96.26";"A";"96.27";"A";"96.26";"A";"96.26";"A";"96.25";"A";"96.25";"A";"96.25";"A";"96.27";"A"
"2003-12";"97.95";"A";"97.95";"A";"97.96";"A";"97.96";"A";"97.96";"A";"97.96";"A";"97.95";"A";"97.95";"A";"97.94";"A";"97.95";"A";"97.95";"A";"97.95";"A";"97.95";"A";"97.95";"A";"97.84";"A";"97.84";"A";"97.84";"A";"97.84";"A";"97.84";"A";"97.84";"A";"97.83";"A";"97.84";"A";"97.83";"A";"97.82";"A";"97.82";"A";"97.84";"A"
"2004-01";"98.42";"A";"98.42";"A";"98.43";"A";"98.43";"A";"98.43";"A";"98.43";"A";"98.42";"A";"98.42";"A";"98.41";"A";"98.42";"A";"98.42";"A";"98.42";"A";"98.42";"A";"98.42";"A";"98.31";"A";"98.31";"A";"98.31";"A";"98.31";"A";"98.31";"A";"98.32";"A";"98.31";"A";"98.31";"A";"98.3";"A";"98.3";"A";"98.3";"A";"98.31";"A"
"2004-02";"97.13";"A";"97.14";"A";"97.14";"A";"97.14";"A";"97.14";"A";"97.14";"A";"97.14";"A";"97.13";"A";"97.13";"A";"97.13";"A";"97.13";"A";"97.13";"A";"97.13";"A";"97.13";"A";"97.03";"A";"97.02";"A";"97.03";"A";"97.02";"A";"97.02";"A";"97.03";"A";"97.02";"A";"97.02";"A";"97.01";"A";"97.01";"A";"97.01";"A";"97.03";"A"
"2004-03";"97.44";"A";"97.44";"A";"97.45";"A";"97.44";"A";"97.44";"A";"97.44";"A";"97.44";"A";"97.44";"A";"97.43";"A";"97.44";"A";"97.44";"A";"97.44";"A";"97.44";"A";"97.44";"A";"97.33";"A";"97.33";"A";"97.33";"A";"97.32";"A";"97.32";"A";"97.33";"A";"97.32";"A";"97.32";"A";"97.32";"A";"97.31";"A";"97.31";"A";"97.33";"A"
"2004-04";"96.33";"A";"96.33";"A";"96.34";"A";"96.34";"A";"96.34";"A";"96.34";"A";"96.33";"A";"96.33";"A";"96.32";"A";"96.33";"A";"96.33";"A";"96.33";"A";"96.33";"A";"96.33";"A";"96.22";"A";"96.22";"A";"96.22";"A";"96.22";"A";"96.21";"A";"96.22";"A";"96.21";"A";"96.21";"A";"96.21";"A";"96.2";"A";"96.2";"A";"96.22";"A"
"2004-05";"95.1";"A";"95.1";"A";"95.11";"A";"95.11";"A";"95.11";"A";"95.11";"A";"95.1";"A";"95.1";"A";"95.1";"A";"95.1";"A";"95.1";"A";"95.1";"A";"95.1";"A";"95.1";"A";"94.99";"A";"94.98";"A";"94.99";"A";"94.98";"A";"94.98";"A";"94.99";"A";"94.98";"A";"94.98";"A";"94.98";"A";"94.97";"A";"94.97";"A";"94.99";"A"
"2004-06";"97.25";"A";"97.25";"A";"97.26";"A";"97.25";"A";"97.25";"A";"97.25";"A";"97.25";"A";"97.24";"A";"97.24";"A";"97.25";"A";"97.25";"A";"97.25";"A";"97.25";"A";"97.25";"A";"97.14";"A";"97.13";"A";"97.13";"A";"97.13";"A";"97.13";"A";"97.14";"A";"97.13";"A";"97.13";"A";"97.12";"A";"97.12";"A";"97.12";"A";"97.13";"A"
"2004-07";"98.26";"A";"98.26";"A";"98.27";"A";"98.26";"A";"98.26";"A";"98.26";"A";"98.26";"A";"98.25";"A";"98.25";"A";"98.25";"A";"98.26";"A";"98.26";"A";"98.26";"A";"98.25";"A";"98.15";"A";"98.14";"A";"98.15";"A";"98.14";"A";"98.14";"A";"98.15";"A";"98.14";"A";"98.14";"A";"98.13";"A";"98.13";"A";"98.13";"A";"98.15";"A"
"2004-08";"95.64";"A";"95.64";"A";"95.65";"A";"95.64";"A";"95.65";"A";"95.65";"A";"95.64";"A";"95.64";"A";"95.63";"A";"95.64";"A";"95.64";"A";"95.64";"A";"95.64";"A";"95.64";"A";"95.53";"A";"95.52";"A";"95.53";"A";"95.52";"A";"95.52";"A";"95.53";"A";"95.52";"A";"95.52";"A";"95.51";"A";"95.51";"A";"95.51";"A";"95.53";"A"
"2004-09";"96.87";"A";"96.87";"A";"96.87";"A";"96.87";"A";"96.87";"A";"96.87";"A";"96.87";"A";"96.86";"A";"96.86";"A";"96.86";"A";"96.86";"A";"96.87";"A";"96.86";"A";"96.86";"A";"96.75";"A";"96.75";"A";"96.75";"A";"96.75";"A";"96.75";"A";"96.75";"A";"96.74";"A";"96.75";"A";"96.74";"A";"96.73";"A";"96.73";"A";"96.75";"A"
"2004-10";"96.61";"A";"96.61";"A";"96.62";"A";"96.62";"A";"96.62";"A";"96.62";"A";"96.61";"A";"96.61";"A";"96.6";"A";"96.61";"A";"96.61";"A";"96.61";"A";"96.61";"A";"96.61";"A";"96.5";"A";"96.49";"A";"96.49";"A";"96.49";"A";"96.49";"A";"96.5";"A";"96.49";"A";"96.49";"A";"96.48";"A";"96.48";"A";"96.48";"A";"96.49";"A"
"2004-11";"97.45";"A";"97.45";"A";"97.46";"A";"97.45";"A";"97.45";"A";"97.45";"A";"97.45";"A";"97.44";"A";"97.44";"A";"97.45";"A";"97.45";"A";"97.45";"A";"97.45";"A";"97.44";"A";"97.34";"A";"97.33";"A";"97.33";"A";"97.33";"A";"97.33";"A";"97.34";"A";"97.33";"A";"97.33";"A";"97.32";"A";"97.32";"A";"97.32";"A";"97.34";"A"
"2004-12";"95.44";"A";"95.44";"A";"95.45";"A";"95.44";"A";"95.44";"A";"95.44";"A";"95.44";"A";"95.43";"A";"95.43";"A";"95.43";"A";"95.44";"A";"95.44";"A";"95.44";"A";"95.43";"A";"95.32";"A";"95.32";"A";"95.32";"A";"95.32";"A";"95.32";"A";"95.32";"A";"95.31";"A";"95.32";"A";"95.31";"A";"95.31";"A";"95.3";"A";"95.32";"A"
"2005-01";"96.17";"A";"96.17";"A";"96.17";"A";"96.17";"A";"96.17";"A";"96.17";"A";"96.17";"A";"96.16";"A";"96.16";"A";"96.16";"A";"96.16";"A";"96.17";"A";"96.16";"A";"96.16";"A";"96.06";"A";"96.05";"A";"96.05";"A";"96.05";"A";"96.05";"A";"96.06";"A";"96.05";"A";"96.05";"A";"96.04";"A";"96.04";"A";"96.04";"A";"96.05";"A"
"2005-02";"95.37";"A";"95.37";"A";"95.38";"A";"95.38";"A";"95.38";"A";"95.38";"A";"95.37";"A";"95.37";"A";"95.37";"A";"95.37";"A";"95.37";"A";"95.37";"A";"95.37";"A";"95.37";"A";"95.26";"A";"95.25";"A";"95.25";"A";"95.25";"A";"95.25";"A";"95.26";"A";"95.25";"A";"95.25";"A";"95.24";"A";"95.24";"A";"95.24";"A";"95.25";"A"
"2005-03";"95.0";"A";"95.0";"A";"95.01";"A";"95.0";"A";"95.0";"A";"95.0";"A";"95.0";"A";"94.99";"A";"94.99";"A";"94.99";"A";"94.99";"A";"95.0";"A";"95.0";"A";"94.99";"A";"94.89";"A";"94.88";"A";"94.89";"A";"94.88";"A";"94.88";"A";"94.89";"A";"94.88";"A";"94.88";"A";"94.88";"A";"94.87";"A";"94.87";"A";"94.89";"A"
"2005-04";"94.98";"A";"94.99";"A";"94.99";"A";"94.99";"A";"94.99";"A";"94.99";"A";"94.99";"A";"94.98";"A";"94.98";"A";"94.98";"A";"94.98";"A";"94.98";"A";"94.98";"A";"94.98";"A";"94.87";"A";"94.87";"A";"94.87";"A";"94.86";"A";"94.86";"A";"94.87";"A";"94.86";"A";"94.86";"A";"94.86";"A";"94.85";"A";"94.85";"A";"94.87";"A"
"2005-05";"95.21";"A";"95.21";"A";"95.22";"A";"95.21";"A";"95.21";"A";"95.21";"A";"95.21";"A";"95.21";"A";"95.2";"A";"95.21";"A";"95.21";"A";"95.21";"A";"95.21";"A";"95.21";"A";"95.09";"A";"95.09";"A";"95.09";"A";"95.09";"A";"95.08";"A";"95.09";"A";"95.08";"A";"95.08";"A";"95.08";"A";"95.07";"A";"95.07";"A";"95.09";"A"
"2005-06";"95.03";"A";"95.03";"A";"95.04";"A";"95.03";"A";"95.03";"A";"95.04";"A";"95.03";"A";"95.03";"A";"95.02";"A";"95.03";"A";"95.03";"A";"95.03";"A";"95.03";"A";"95.03";"A";"94.92";"A";"94.91";"A";"94.91";"A";"94.91";"A";"94.91";"A";"94.92";"A";"94.91";"A";"94.91";"A";"94.9";"A";"94.9";"A";"94.9";"A";"94.91";"A"
"2005-07";"94.34";"A";"94.34";"A";"94.35";"A";"94.34";"A";"94.34";"A";"94.35";"A";"94.34";"A";"94.34";"A";"94.33";"A";"94.34";"A";"94.34";"A";"94.34";"A";"94.34";"A";"94.34";"A";"94.22";"A";"94.22";"A";"94.22";"A";"94.22";"A";"94.22";"A";"94.22";"A";"94.21";"A";"94.22";"A";"94.21";"A";"94.2";"A";"94.2";"A";"94.22";"A"
"2005-08";"96.56";"A";"96.57";"A";"96.57";"A";"96.57";"A";"96.57";"A";"96.57";"A";"96.57";"A";"96.56";"A";"96.56";"A";"96.56";"A";"96.56";"A";"96.56";"A";"96.56";"A";"96.56";"A";"96.45";"A";"96.44";"A";"96.45";"A";"96.44";"A";"96.44";"A";"96.45";"A";"96.44";"A";"96.44";"A";"96.43";"A";"96.43";"A";"96.43";"A";"96.45";"A"
"2005-09";"96.39";"A";"96.39";"A";"96.4";"A";"96.39";"A";"96.39";"A";"96.39";"A";"96.39";"A";"96.38";"A";"96.38";"A";"96.38";"A";"96.38";"A";"96.39";"A";"96.39";"A";"96.38";"A";"96.27";"A";"96.26";"A";"96.26";"A";"96.26";"A";"96.26";"A";"96.27";"A";"96.26";"A";"96.26";"A";"96.25";"A";"96.25";"A";"96.25";"A";"96.26";"A"
"2005-10";"96.17";"A";"96.18";"A";"96.18";"A";"96.18";"A";"96.18";"A";"96.18";"A";"96.18";"A";"96.17";"A";"96.17";"A";"96.17";"A";"96.17";"A";"96.17";"A";"96.17";"A";"96.17";"A";"96.05";"A";"96.05";"A";"96.05";"A";"96.04";"A";"96.04";"A";"96.05";"A";"96.04";"A";"96.04";"A";"96.04";"A";"96.03";"A";"96.03";"A";"96.05";"A"
"2005-11";"97.18";"A";"97.19";"A";"97.19";"A";"97.19";"A";"97.19";"A";"97.19";"A";"97.19";"A";"97.18";"A";"97.18";"A";"97.18";"A";"97.18";"A";"97.18";"A";"97.18";"A";"97.18";"A";"97.06";"A";"97.06";"A";"97.06";"A";"97.06";"A";"97.05";"A";"97.06";"A";"97.05";"A";"97.05";"A";"97.05";"A";"97.04";"A";"97.04";"A";"97.06";"A"
"2005-12";"95.86";"A";"95.86";"A";"95.86";"A";"95.86";"A";"95.86";"A";"95.86";"A";"95.86";"A";"95.85";"A";"95.85";"A";"95.85";"A";"95.85";"A";"95.86";"A";"95.85";"A";"95.85";"A";"95.73";"A";"95.73";"A";"95.73";"A";"95.73";"A";"95.73";"A";"95.73";"A";"95.73";"A";"95.73";"A";"95.72";"A";"95.72";"A";"95.72";"A";"95.73";"A"
"2006-01";"94.24";"A";"94.24";"A";"94.25";"A";"94.25";"A";"94.25";"A";"94.25";"A";"94.24";"A";"94.24";"A";"94.24";"A";"94.24";"A";"94.24";"A";"94.24";"A";"94.24";"A";"94.24";"A";"94.12";"A";"94.11";"A";"94.12";"A";"94.11";"A";"94.11";"A";"94.12";"A";"94.11";"A";"94.11";"A";"94.1";"A";"94.1";"A";"94.1";"A";"94.12";"A"
"2006-02";"94.58";"A";"94.58";"A";"94.59";"A";"94.58";"A";"94.58";"A";"94.58";"A";"94.58";"A";"94.58";"A";"94.57";"A";"94.58";"A";"94.58";"A";"94.58";"A";"94.58";"A";"94.57";"A";"94.46";"A";"94.46";"A";"94.46";"A";"94.45";"A";"94.45";"A";"94.46";"A";"94.45";"A";"94.45";"A";"94.45";"A";"94.44";"A";"94.44";"A";"94.46";"A"
"2006-03";"96.18";"A";"96.19";"A";"96.19";"A";"96.19";"A";"96.19";"A";"96.19";"A";"96.19";"A";"96.18";"A";"96.18";"A";"96.18";"A";"96.18";"A";"96.18";"A";"96.18";"A";"96.18";"A";"96.06";"A";"96.06";"A";"96.06";"A";"96.05";"A";"96.05";"A";"96.06";"A";"96.05";"A";"96.05";"A";"96.05";"A";"96.04";"A";"96.04";"A";"96.06";"A"
"2006-04";"95.87";"A";"95.87";"A";"95.88";"A";"95.88";"A";"95.88";"A";"95.88";"A";"95.88";"A";"95.87";"A";"95.87";"A";"95.87";"A";"95.87";"A";"95.87";"A";"95.87";"A";"95.87";"A";"95.74";"A";"95.74";"A";"95.74";"A";"95.74";"A";"95.74";"A";"95.74";"A";"95.74";"A";"95.74";"A";"95.73";"A";"95.73";"A";"95.73";"A";"95.74";"A"
"2006-05";"96.59";"A";"96.59";"A";"96.6";"A";"96.6";"A";"96.6";"A";"96.6";"A";"96.59";"A";"96.59";"A";"96.58";"A";"96.59";"A";"96.59";"A";"96.59";"A";"96.59";"A";"96.59";"A";"96.46";"A";"96.46";"A";"96.46";"A";"96.46";"A";"96.45";"A";"96.46";"A";"96.45";"A";"96.45";"A";"96.45";"A";"96.44";"A";"96.44";"A";"96.46";"A"
"2006-06";"94.72";"A";"94.72";"A";"94.73";"A";"94.72";"A";"94.72";"A";"94.72";"A";"94.72";"A";"94.72";"A";"94.71";"A";"94.71";"A";"94.72";"A";"94.72";"A";"94.72";"A";"94.71";"A";"94.59";"A";"94.59";"A";"94.59";"A";"94.59";"A";"94.59";"A";"94.59";"A";"94.58";"A";"94.59";"A";"94.58";"A";"94.57";"A";"94.57";"A";"94.59";"A"
"2006-07";"97.08";"A";"97.08";"A";"97.09";"A";"97.08";"A";"97.08";"A";"97.08";"A";"97.08";"A";"97.07";"A";"97.07";"A";"97.08";"A";"97.08";"A";"97.08";"A";"97.08";"A";"97.07";"A";"96.94";"A";"96.94";"A";"96.94";"A";"96.94";"A";"96.94";"A";"96.94";"A";"96.93";"A";"96.94";"A";"96.93";"A";"96.92";"A";"96.92";"A";"96.94";"A"
"2006-08";"96.72";"A";"96.72";"A";"96.73";"A";"96.73";"A";"96.73";"A";"96.73";"A";"96.73";"A";"96.72";"A";"96.72";"A";"96.72";"A";"96.72";"A";"96.72";"A";"96.72";"A";"96.72";"A";"96.6";"A";"96.6";"A";"96.6";"A";"96.59";"A";"96.59";"A";"96.6";"A";"96.59";"A";"96.59";"A";"96.59";"A";"96.58";"A";"96.58";"A";"96.6";"A"
"2006-09";"95.87";"A";"95.87";"A";"95.88";"A";"95.88";"A";"95.88";"A";"95.88";"A";"95.87";"A";"95.87";"A";"95.86";"A";"95.87";"A";"95.87";"A";"95.87";"A";"95.87";"A";"95.87";"A";"95.75";"A";"95.75";"A";"95.75";"A";"95.75";"A";"95.75";"A";"95.75";"A";"95.74";"A";"95.75";"A";"95.74";"A";"95.73";"A";"95.73";"A";"95.75";"A"
"2006-10";"96.84";"A";"96.84";"A";"96.85";"A";"96.85";"A";"96.85";"A";"96.85";"A";"96.84";"A";"96.84";"A";"96.83";"A";"96.84";"A";"96.84";"A";"96.84";"A";"96.84";"A";"96.84";"A";"96.71";"A";"96.71";"A";"96.71";"A";"96.7";"A";"96.7";"A";"96.71";"A";"96.7";"A";"96.7";"A";"96.7";"A";"96.69";"A";"96.69";"A";"96.71";"A"
"2006-11";"96.42";"A";"96.42";"A";"96.43";"A";"96.42";"A";"96.42";"A";"96.42";"A";"96.42";"A";"96.41";"A";"96.41";"A";"96.42";"A";"96.42";"A";"96.42";"A";"96.42";"A";"96.41";"A";"96.29";"A";"96.28";"A";"96.29";"A";"96.28";"A";"96.28";"A";"96.29";"A";"96.28";"A";"96.28";"A";"96.27";"A";"96.27";"A";"96.27";"A";"96.29";"A"
"2006-12";"97.28";"A";"97.28";"A";"97.29";"A";"97.28";"A";"97.28";"A";"97.28";"A";"97.28";"A";"97.28";"A";"97.27";"A";"97.28";"A";"97.28";"A";"97.28";"A";"97.28";"A";"97.28";"A";"97.15";"A";"97.14";"A";"97.15";"A";"97.14";"A";"97.14";"A";"97.15";"A";"97.14";"A";"97.14";"A";"97.13";"A";"97.13";"A";"97.13";"A";"97.15";"A"
"2007-01";"97.05";"A";"97.06";"A";"97.06";"A";"97.06";"A";"97.06";"A";"97.06";"A";"97.06";"A";"97.05";"A";"97.05";"A";"97.05";"A";"97.05";"A";"97.05";"A";"97.05";"A";"97.05";"A";"96.92";"A";"96.92";"A";"96.92";"A";"96.92";"A";"96.92";"A";"96.92";"A";"96.91";"A";"96.92";"A";"96.91";"A";"96.91";"A";"96.9";"A";"96.92";"A"
"2007-02";"96.97";"A";"96.97";"A";"96.98";"A";"96.98";"A";"96.98";"A";"96.98";"A";"96.97";"A";"96.97";"A";"96.97";"A";"96.97";"A";"96.97";"A";"96.97";"A";"96.97";"A";"96.97";"A";"96.83";"A";"96.83";"A";"96.83";"A";"96.83";"A";"96.83";"A";"96.83";"A";"96.82";"A";"96.83";"A";"96.82";"A";"96.81";"A";"96.81";"A";"96.83";"A"
"2007-03";"97.13";"A";"97.13";"A";"97.14";"A";"97.14";"A";"97.14";"A";"97.14";"A";"97.13";"A";"97.13";"A";"97.12";"A";"97.13";"A";"97.13";"A";"97.13";"A";"97.13";"A";"97.13";"A";"97.0";"A";"96.99";"A";"96.99";"A";"96.99";"A";"96.99";"A";"97.0";"A";"96.99";"A";"96.99";"A";"96.98";"A";"96.98";"A";"96.98";"A";"96.99";"A"
"2007-04";"99.04";"A";"99.04";"A";"99.05";"A";"99.04";"A";"99.04";"A";"99.04";"A";"99.04";"A";"99.03";"A";"99.03";"A";"99.03";"A";"99.03";"A";"99.04";"A";"99.04";"A";"99.03";"A";"98.9";"A";"98.9";"A";"98.9";"A";"98.89";"A";"98.89";"A";"98.9";"A";"98.89";"A";"98.89";"A";"98.89";"A";"98.88";"A";"98.88";"A";"98.9";"A"
"2007-05";"98.27";"A";"98.27";"A";"98.28";"A";"98.28";"A";"98.28";"A";"98.28";"A";"98.28";"A";"98.27";"A";"98.27";"A";"98.27";"A";"98.27";"A";"98.27";"A";"98.27";"A";"98.27";"A";"98.14";"A";"98.14";"A";"98.14";"A";"98.13";"A";"98.13";"A";"98.14";"A";"98.13";"A";"98.13";"A";"98.13";"A";"98.12";"A";"98.12";"A";"98.14";"A"
"2007-06";"98.07";"A";"98.07";"A";"98.08";"A";"98.07";"A";"98.07";"A";"98.08";"A";"98.07";"A";"98.07";"A";"98.06";"A";"98.07";"A";"98.07";"A";"98.07";"A";"98.07";"A";"98.07";"A";"97.93";"A";"97.92";"A";"97.93";"A";"97.92";"A";"97.92";"A";"97.93";"A";"97.92";"A";"97.92";"A";"97.91";"A";"97.91";"A";"97.91";"A";"97.93";"A"
"2007-07";"97.33";"A";"97.34";"A";"97.34";"A";"97.34";"A";"97.34";"A";"97.34";"A";"97.34";"A";"97.33";"A";"97.33";"A";"97.33";"A";"97.33";"A";"97.33";"A";"97.33";"A";"97.33";"A";"97.19";"A";"97.18";"A";"97.19";"A";"97.18";"A";"97.18";"A";"97.19";"A";"97.18";"A";"97.18";"A";"97.17";"A";"97.17";"A";"97.17";"A";"97.19";"A"
"2007-08";"99.87";"A";"99.87";"A";"99.88";"A";"99.87";"A";"99.87";"A";"99.87";"A";"99.87";"A";"99.86";"A";"99.86";"A";"99.86";"A";"99.86";"A";"99.87";"A";"99.87";"A";"99.86";"A";"99.73";"A";"99.73";"A";"99.73";"A";"99.73";"A";"99.72";"A";"99.73";"A";"99.72";"A";"99.72";"A";"99.72";"A";"99.71";"A";"99.71";"A";"99.73";"A"
"2007-09";"96.85";"A";"96.85";"A";"96.85";"A";"96.85";"A";"96.85";"A";"96.85";"A";"96.85";"A";"96.84";"A";"96.84";"A";"96.84";"A";"96.84";"A";"96.85";"A";"96.85";"A";"96.84";"A";"96.72";"A";"96.71";"A";"96.71";"A";"96.71";"A";"96.71";"A";"96.72";"A";"96.71";"A";"96.71";"A";"96.7";"A";"96.7";"A";"96.7";"A";"96.71";"A"
"2007-10";"99.41";"A";"99.42";"A";"99.42";"A";"99.42";"A";"99.42";"A";"99.42";"A";"99.42";"A";"99.41";"A";"99.41";"A";"99.41";"A";"99.41";"A";"99.41";"A";"99.41";"A";"99.41";"A";"99.27";"A";"99.27";"A";"99.27";"A";"99.27";"A";"99.27";"A";"99.27";"A";"99.26";"A";"99.27";"A";"99.26";"A";"99.25";"A";"99.25";"A";"99.27";"A"
"2007-11";"98.76";"A";"98.76";"A";"98.76";"A";"98.76";"A";"98.76";"A";"98.76";"A";"98.76";"A";"98.75";"A";"98.75";"A";"98.75";"A";"98.75";"A";"98.75";"A";"98.75";"A";"98.75";"A";"98.62";"A";"98.61";"A";"98.62";"A";"98.61";"A";"98.61";"A";"98.62";"A";"98.61";"A";"98.61";"A";"98.6";"A";"98.6";"A";"98.6";"A";"98.62";"A"
"2007-12";"99.67";"A";"99.67";"A";"99.68";"A";"99.68";"A";"99.68";"A";"99.68";"A";"99.68";"A";"99.67";"A";"99.67";"A";"99.67";"A";"99.67";"A";"99.67";"A";"99.67";"A";"99.67";"A";"99.54";"A";"99.53";"A";"99.53";"A";"99.53";"A";"99.53";"A";"99.53";"A";"99.53";"A";"99.53";"A";"99.52";"A";"99.51";"A";"99.51";"A";"99.53";"A"
"2008-01";"98.53";"A";"98.53";"A";"98.54";"A";"98.54";"A";"98.54";"A";"98.54";"A";"98.53";"A";"98.53";"A";"98.52";"A";"98.53";"A";"98.53";"A";"98.53";"A";"98.53";"A";"98.53";"A";"98.39";"A";"98.38";"A";"98.38";"A";"98.38";"A";"98.38";"A";"98.39";"A";"98.38";"A";"98.38";"A";"98.37";"A";"98.37";"A";"98.37";"A";"98.38";"A"
"2008-02";"98.39";"A";"98.39";"A";"98.4";"A";"98.4";"A";"98.4";"A";"98.4";"A";"98.39";"A";"98.39";"A";"98.39";"A";"98.39";"A";"98.39";"A";"98.39";"A";"98.39";"A";"98.39";"A";"98.24";"A";"98.24";"A";"98.24";"A";"98.24";"A";"98.24";"A";"98.24";"A";"98.23";"A";"98.24";"A";"98.23";"A";"98.22";"A";"98.22";"A";"98.24";"A"
"2008-03";"97.89";"A";"97.89";"A";"97.9";"A";"97.9";"A";"97.9";"A";"97.9";"A";"97.89";"A";"97.89";"A";"97.89";"A";"97.89";"A";"97.89";"A";"97.89";"A";"97.89";"A";"97.89";"A";"97.74";"A";"97.74";"A";"97.74";"A";"97.74";"A";"97.73";"A";"97.74";"A";"97.73";"A";"97.74";"A";"97.73";"A";"97.72";"A";"97.72";"A";"97.74";"A"
"2008-04";"98.55";"A";"98.55";"A";"98.56";"A";"98.56";"A";"98.56";"A";"98.56";"A";"98.56";"A";"98.55";"A";"98.55";"A";"98.55";"A";"98.55";"A";"98.55";"A";"98.55";"A";"98.55";"A";"98.41";"A";"98.4";"A";"98.41";"A";"98.4";"A";"98.4";"A";"98.41";"A";"98.4";"A";"98.4";"A";"98.39";"A";"98.39";"A";"98.39";"A";"98.4";"A"
"2008-05";"96.29";"A";"96.3";"A";"96.3";"A";"96.3";"A";"96.3";"A";"96.3";"A";"96.3";"A";"96.29";"A";"96.29";"A";"96.29";"A";"96.29";"A";"96.29";"A";"96.29";"A";"96.29";"A";"96.15";"A";"96.15";"A";"96.15";"A";"96.14";"A";"96.14";"A";"96.15";"A";"96.14";"A";"96.14";"A";"96.14";"A";"96.13";"A";"96.13";"A";"96.15";"A"
"2008-06";"95.53";"A";"95.53";"A";"95.54";"A";"95.54";"A";"95.54";"A";"95.54";"A";"95.54";"A";"95.53";"A";"95.53";"A";"95.53";"A";"95.53";"A";"95.53";"A";"95.53";"A";"95.53";"A";"95.39";"A";"95.38";"A";"95.38";"A";"95.38";"A";"95.38";"A";"95.39";"A";"95.38";"A";"95.38";"A";"95.37";"A";"95.37";"A";"95.37";"A";"95.38";"A"
"2008-07";"97.58";"A";"97.58";"A";"97.59";"A";"97.59";"A";"97.59";"A";"97.59";"A";"97.59";"A";"97.58";"A";"97.58";"A";"97.58";"A";"97.58";"A";"97.58";"A";"97.58";"A";"97.58";"A";"97.42";"A";"97.42";"A";"97.42";"A";"97.42";"A";"97.42";"A";"97.42";"A";"97.41";"A";"97.42";"A";"97.41";"A";"97.41";"A";"97.4";"A";"97.42";"A"
"2008-08";"96.55";"A";"96.55";"A";"96.56";"A";"96.55";"A";"96.55";"A";"96.55";"A";"96.55";"A";"96.54";"A";"96.54";"A";"96.55";"A";"96.55";"A";"96.55";"A";"96.55";"A";"96.54";"A";"96.39";"A";"96.39";"A";"96.39";"A";"96.39";"A";"96.39";"A";"96.39";"A";"96.38";"A";"96.39";"A";"96.38";"A";"96.37";"A";"96.37";"A";"96.39";"A"
"2008-09";"97.52";"A";"97.52";"A";"97.53";"A";"97.53";"A";"97.53";"A";"97.53";"A";"97.53";"A";"97.52";"A";"97.52";"A";"97.52";"A";"97.52";"A";"97.52";"A";"97.52";"A";"97.52";"A";"97.36";"A";"97.36";"A";"97.36";"A";"97.35";"A";"97.35";"A";"97.36";"A";"97.35";"A";"97.35";"A";"97.35";"A";"97.34";"A";"97.34";"A";"97.36";"A"
"2008-10";"97.06";"A";"97.06";"A";"97.06";"A";"97.06";"A";"97.06";"A";"97.06";"A";"97.06";"A";"97.05";"A";"97.05";"A";"97.05";"A";"97.05";"A";"97.06";"A";"97.05";"A";"97.05";"A";"96.89";"A";"96.89";"A";"96.89";"A";"96.89";"A";"96.89";"A";"96.89";"A";"96.88";"A";"96.89";"A";"96.88";"A";"96.87";"A";"96.87";"A";"96.89";"A"
"2008-11";"94.53";"A";"94.54";"A";"94.54";"A";"94.54";"A";"94.54";"A";"94.54";"A";"94.54";"A";"94.53";"A";"94.53";"A";"94.53";"A";"94.53";"A";"94.53";"A";"94.53";"A";"94.53";"A";"94.37";"A";"94.37";"A";"94.37";"A";"94.37";"A";"94.37";"A";"94.37";"A";"94.36";"A";"94.37";"A";"94.36";"A";"94.35";"A";"94.35";"A";"94.37";"A"
"2008-12";"98.78";"A";"98.79";"A";"98.79";"A";"98.79";"A";"98.79";"A";"98.79";"A";"98.79";"A";"98.78";"A";"98.78";"A";"98.78";"A";"98.78";"A";"98.78";"A";"98.78";"A";"98.78";"A";"98.62";"A";"98.61";"A";"98.62";"A";"98.61";"A";"98.61";"A";"98.62";"A";"98.61";"A";"98.61";"A";"98.6";"A";"98.6";"A";"98.6";"A";"98.61";"A"
"2009-01";"96.05";"A";"96.05";"A";"96.06";"A";"96.05";"A";"96.05";"A";"96.05";"A";"96.05";"A";"96.04";"A";"96.04";"A";"96.05";"A";"96.04";"A";"96.05";"A";"96.05";"A";"96.04";"A";"95.87";"A";"95.87";"A";"95.87";"A";"95.87";"A";"95.87";"A";"95.87";"A";"95.86";"A";"95.87";"A";"95.86";"A";"95.85";"A";"95.85";"A";"95.87";"A"
"2009-02";"97.23";"A";"97.23";"A";"97.24";"A";"97.24";"A";"97.24";"A";"97.24";"A";"97.23";"A";"97.23";"A";"97.22";"A";"97.23";"A";"97.23";"A";"97.23";"A";"97.23";"A";"97.23";"A";"97.06";"A";"97.06";"A";"97.06";"A";"97.06";"A";"97.05";"A";"97.06";"A";"97.05";"A";"97.06";"A";"97.05";"A";"97.04";"A";"97.04";"A";"97.06";"A"
"2009-03";"96.96";"A";"96.96";"A";"96.97";"A";"96.96";"A";"96.96";"A";"96.97";"A";"96.96";"A";"96.96";"A";"96.95";"A";"96.96";"A";"96.96";"A";"96.96";"A";"96.96";"A";"96.96";"A";"96.78";"A";"96.78";"A";"96.78";"A";"96.78";"A";"96.78";"A";"96.78";"A";"96.77";"A";"96.78";"A";"96.77";"A";"96.77";"A";"96.76";"A";"96.78";"A"
"2009-04";"96.41";"A";"96.42";"A";"96.42";"A";"96.42";"A";"96.42";"A";"96.42";"A";"96.42";"A";"96.41";"A";"96.41";"A";"96.41";"A";"96.41";"A";"96.41";"A";"96.41";"A";"96.41";"A";"96.24";"A";"96.24";"A";"96.24";"A";"96.24";"A";"96.23";"A";"96.24";"A";"96.23";"A";"96.24";"A";"96.23";"A";"96.22";"A";"96.22";"A";"96.24";"A"
"2009-05";"98.34";"A";"98.34";"A";"98.34";"A";"98.34";"A";"98.34";"A";"98.34";"A";"98.34";"A";"98.33";"A";"98.33";"A";"98.33";"A";"98.33";"A";"98.33";"A";"98.33";"A";"98.33";"A";"98.15";"A";"98.15";"A";"98.15";"A";"98.14";"A";"98.14";"A";"98.15";"A";"98.14";"A";"98.14";"A";"98.14";"A";"98.13";"A";"98.13";"A";"98.15";"A"
"2009-06";"98.18";"A";"98.18";"A";"98.18";"A";"98.18";"A";"98.18";"A";"98.18";"A";"98.18";"A";"98.17";"A";"98.17";"A";"98.17";"A";"98.17";"A";"98.17";"A";"98.17";"A";"98.17";"A";"98.0";"A";"97.99";"A";"97.99";"A";"97.99";"A";"97.99";"A";"98.0";"A";"97.99";"A";"97.99";"A";"97.98";"A";"97.98";"A";"97.98";"A";"97.99";"A"
"2009-07";"97.99";"A";"97.99";"A";"97.99";"A";"97.99";"A";"97.99";"A";"97.99";"A";"97.99";"A";"97.98";"A";"97.98";"A";"97.98";"A";"97.98";"A";"97.98";"A";"97.98";"A";"97.98";"A";"97.82";"A";"97.81";"A";"97.82";"A";"97.81";"A";"97.81";"A";"97.82";"A";"97.81";"A";"97.81";"A";"97.8";"A";"97.8";"A";"97.8";"A";"97.81";"A"
"2009-08";"96.44";"A";"96.44";"A";"96.45";"A";"96.44";"A";"96.44";"A";"96.44";"A";"96.44";"A";"96.43";"A";"96.43";"A";"96.44";"A";"96.44";"A";"96.44";"A";"96.44";"A";"96.44";"A";"96.26";"A";"96.26";"A";"96.26";"A";"96.25";"A";"96.25";"A";"96.26";"A";"96.25";"A";"96.25";"A";"96.25";"A";"96.24";"A";"96.24";"A";"96.26";"A"
"2009-09";"97.2";"A";"97.21";"A";"97.21";"A";"97.21";"A";"97.21";"A";"97.21";"A";"97.21";"A";"97.2";"A";"97.2";"A";"97.2";"A";"97.2";"A";"97.2";"A";"97.2";"A";"97.2";"A";"97.02";"A";"97.02";"A";"97.02";"A";"97.02";"A";"97.02";"A";"97.02";"A";"97.01";"A";"97.02";"A";"97.01";"A";"97.0";"A";"97.0";"A";"97.02";"A"
"2009-10";"95.63";"A";"95.63";"A";"95.64";"A";"95.63";"A";"95.63";"A";"95.64";"A";"95.63";"A";"95.63";"A";"95.62";"A";"95.63";"A";"95.63";"A";"95.63";"A";"95.63";"A";"95.63";"A";"95.45";"A";"95.45";"A";"95.45";"A";"95.44";"A";"95.44";"A";"95.45";"A";"95.44";"A";"95.44";"A";"95.44";"A";"95.43";"A";"95.43";"A";"95.45";"A"
"2009-11";"97.37";"A";"97.37";"A";"97.38";"A";"97.37";"A";"97.37";"A";"97.37";"A";"97.37";"A";"97.36";"A";"97.36";"A";"97.37";"A";"97.37";"A";"97.37";"A";"97.37";"A";"97.36";"A";"97.18";"A";"97.18";"A";"97.18";"A";"97.17";"A";"97.17";"A";"97.18";"A";"97.17";"A";"97.17";"A";"97.17";"A";"97.16";"A";"97.16";"A";"97.18";"A"
"2009-12";"95.79";"A";"95.79";"A";"95.8";"A";"95.8";"A";"95.8";"A";"95.8";"A";"95.79";"A";"95.79";"A";"95.78";"A";"95.79";"A";"95.79";"A";"95.79";"A";"95.79";"A";"95.79";"A";"95.62";"A";"95.61";"A";"95.61";"A";"95.61";"A";"95.61";"A";"95.62";"A";"95.61";"A";"95.61";"A";"95.6";"A";"95.6";"A";"95.6";"A";"95.61";"A"
"2010-01";"98.19";"A";"98.19";"A";"98.2";"A";"98.2";"A";"98.2";"A";"98.2";"A";"98.2";"A";"98.19";"A";"98.19";"A";"98.19";"A";"98.19";"A";"98.19";"A";"98.19";"A";"98.19";"A";"98.0";"A";"98.0";"A";"98.0";"A";"98.0";"A";"98.0";"A";"98.0";"A";"97.99";"A";"98.0";"A";"97.99";"A";"97.99";"A";"97.98";"A";"98.0";"A"
"2010-02";"97.58";"A";"97.58";"A";"97.59";"A";"97.58";"A";"97.58";"A";"97.59";"A";"97.58";"A";"97.58";"A";"97.57";"A";"97.58";"A";"97.58";"A";"97.58";"A";"97.58";"A";"97.58";"A";"97.4";"A";"97.39";"A";"97.39";"A";"97.39";"A";"97.39";"A";"97.4";"A";"97.39";"A";"97.39";"A";"97.38";"A";"97.38";"A";"97.38";"A";"97.39";"A"
"2010-03";"98.12";"A";"98.12";"A";"98.13";"A";"98.12";"A";"98.13";"A";"98.13";"A";"98.12";"A";"98.12";"A";"98.11";"A";"98.12";"A";"98.12";"A";"98.12";"A";"98.12";"A";"98.12";"A";"97.94";"A";"97.94";"A";"97.94";"A";"97.94";"A";"97.93";"A";"97.94";"A";"97.93";"A";"97.94";"A";"97.93";"A";"97.92";"A";"97.92";"A";"97.94";"A"
"2010-04";"96.37";"A";"96.37";"A";"96.38";"A";"96.38";"A";"96.38";"A";"96.38";"A";"96.37";"A";"96.37";"A";"96.37";"A";"96.37";"A";"96.37";"A";"96.37";"A";"96.37";"A";"96.37";"A";"96.19";"A";"96.19";"A";"96.19";"A";"96.18";"A";"96.18";"A";"96.19";"A";"96.18";"A";"96.18";"A";"96.18";"A";"96.17";"A";"96.17";"A";"96.19";"A"
"2010-05";"98.16";"A";"98.16";"A";"98.17";"A";"98.16";"A";"98.17";"A";"98.17";"A";"98.16";"A";"98.16";"A";"98.15";"A";"98.16";"A";"98.16";"A";"98.16";"A";"98.16";"A";"98.16";"A";"97.98";"A";"97.97";"A";"97.97";"A";"97.97";"A";"97.97";"A";"97.98";"A";"97.97";"A";"97.97";"A";"97.96";"A";"97.96";"A";"97.96";"A";"97.97";"A"
"2010-06";"97.27";"A";"97.27";"A";"97.27";"A";"97.27";"A";"97.27";"A";"97.27";"A";"97.27";"A";"97.26";"A";"97.26";"A";"97.26";"A";"97.26";"A";"97.26";"A";"97.26";"A";"97.26";"A";"97.09";"A";"97.09";"A";"97.09";"A";"97.08";"A";"97.08";"A";"97.09";"A";"97.08";"A";"97.08";"A";"97.08";"A";"97.07";"A";"97.07";"A";"97.09";"A"
"2010-07";"98.5";"A";"98.51";"A";"98.51";"A";"98.51";"A";"98.51";"A";"98.51";"A";"98.51";"A";"98.5";"A";"98.5";"A";"98.5";"A";"98.5";"A";"98.5";"A";"98.5";"A";"98.5";"A";"98.32";"A";"98.32";"A";"98.32";"A";"98.32";"A";"98.32";"A";"98.32";"A";"98.32";"A";"98.32";"A";"98.31";"A";"98.31";"A";"98.31";"A";"98.32";"A"
"2010-08";"96.94";"A";"96.94";"A";"96.95";"A";"96.95";"A";"96.95";"A";"96.95";"A";"96.95";"A";"96.94";"A";"96.94";"A";"96.94";"A";"96.94";"A";"96.94";"A";"96.94";"A";"96.94";"A";"96.76";"A";"96.76";"A";"96.76";"A";"96.76";"A";"96.76";"A";"96.76";"A";"96.75";"A";"96.76";"A";"96.75";"A";"96.75";"A";"96.74";"A";"96.76";"A"
"2010-09";"98.3";"A";"98.3";"A";"98.3";"A";"98.3";"A";"98.3";"A";"98.3";"A";"98.3";"A";"98.29";"A";"98.29";"A";"98.29";"A";"98.29";"A";"98.3";"A";"98.3";"A";"98.29";"A";"98.11";"A";"98.11";"A";"98.11";"A";"98.11";"A";"98.11";"A";"98.12";"A";"98.11";"A";"98.11";"A";"98.1";"A";"98.1";"A";"98.1";"A";"98.11";"A"
"2010-10";"98.48";"A";"98.49";"A";"98.49";"A";"98.49";"A";"98.49";"A";"98.49";"A";"98.49";"A";"98.48";"A";"98.48";"A";"98.48";"A";"98.48";"A";"98.48";"A";"98.48";"A";"98.48";"A";"98.31";"A";"98.3";"A";"98.31";"A";"98.3";"A";"98.3";"A";"98.31";"A";"98.3";"A";"98.3";"A";"98.3";"A";"98.29";"A";"98.29";"A";"98.31";"A"
"2010-11";"98.46";"A";"98.46";"A";"98.47";"A";"98.47";"A";"98.47";"A";"98.47";"A";"98.47";"A";"98.46";"A";"98.46";"A";"98.46";"A";"98.46";"A";"98.46";"A";"98.46";"A";"98.46";"A";"98.29";"A";"98.28";"A";"98.28";"A";"98.28";"A";"98.28";"A";"98.29";"A";"98.28";"A";"98.28";"A";"98.27";"A";"98.27";"A";"98.27";"A";"98.28";"A"
"2010-12";"96.51";"A";"96.51";"A";"96.51";"A";"96.51";"A";"96.51";"A";"96.51";"A";"96.51";"A";"96.5";"A";"96.5";"A";"96.5";"A";"96.5";"A";"96.51";"A";"96.51";"A";"96.5";"A";"96.32";"A";"96.32";"A";"96.32";"A";"96.32";"A";"96.32";"A";"96.32";"A";"96.32";"A";"96.32";"A";"96.31";"A";"96.31";"A";"96.31";"A";"96.32";"A"
"2011-01";"100.66";"A";"100.67";"A";"100.67";"A";"100.67";"A";"100.67";"A";"100.67";"A";"100.67";"A";"100.66";"A";"100.66";"A";"100.66";"A";"100.66";"A";"100.66";"A";"100.66";"A";"100.66";"A";"100.48";"A";"100.48";"A";"100.48";"A";"100.48";"A";"100.48";"A";"100.48";"A";"100.47";"A";"100.48";"A";"100.47";"A";"100.47";"A";"100.46";"A";"100.48";"A"
"2011-02";"100.37";"A";"100.37";"A";"100.37";"A";"100.37";"A";"100.37";"A";"100.37";"A";"100.37";"A";"100.36";"A";"100.36";"A";"100.36";"A";"100.36";"A";"100.36";"A";"100.36";"A";"100.36";"A";"100.18";"A";"100.17";"A";"100.18";"A";"100.17";"A";"100.17";"A";"100.18";"A";"100.17";"A";"100.17";"A";"100.16";"A";"100.16";"A";"100.16";"A";"100.18";"A"
"2011-03";"101.68";"A";"101.68";"A";"101.68";"A";"101.68";"A";"101.68";"A";"101.68";"A";"101.68";"A";"101.67";"A";"101.67";"A";"101.67";"A";"101.67";"A";"101.68";"A";"101.67";"A";"101.67";"A";"101.48";"A";"101.48";"A";"101.48";"A";"101.48";"A";"101.48";"A";"101.48";"A";"101.47";"A";"101.48";"A";"101.47";"A";"101.46";"A";"101.46";"A";"101.48";"A"
"2011-04";"99.74";"A";"99.74";"A";"99.74";"A";"99.74";"A";"99.74";"A";"99.74";"A";"99.74";"A";"99.73";"A";"99.73";"A";"99.73";"A";"99.73";"A";"99.74";"A";"99.73";"A";"99.73";"A";"99.56";"A";"99.56";"A";"99.56";"A";"99.55";"A";"99.55";"A";"99.56";"A";"99.55";"A";"99.55";"A";"99.55";"A";"99.54";"A";"99.54";"A";"99.56";"A"
"2011-05";"99.58";"A";"99.58";"A";"99.59";"A";"99.59";"A";"99.59";"A";"99.59";"A";"99.59";"A";"99.58";"A";"99.58";"A";"99.58";"A";"99.58";"A";"99.58";"A";"99.58";"A";"99.58";"A";"99.4";"A";"99.39";"A";"99.4";"A";"99.39";"A";"99.39";"A";"99.4";"A";"99.39";"A";"99.39";"A";"99.38";"A";"99.38";"A";"99.38";"A";"99.39";"A"
"2011-06";"102.12";"A";"102.13";"A";"102.13";"A";"102.13";"A";"102.13";"A";"102.13";"A";"102.13";"A";"102.12";"A";"102.12";"A";"102.12";"A";"102.12";"A";"102.12";"A";"102.12";"A";"102.12";"A";"101.93";"A";"101.93";"A";"101.93";"A";"101.92";"A";"101.92";"A";"101.93";"A";"101.92";"A";"101.92";"A";"101.92";"A";"101.91";"A";"101.91";"A";"101.93";"A"
"2011-07";"103.24";"A";"103.24";"A";"103.25";"A";"103.25";"A";"103.25";"A";"103.25";"A";"103.24";"A";"103.24";"A";"103.23";"A";"103.24";"A";"103.24";"A";"103.24";"A";"103.24";"A";"103.24";"A";"103.05";"A";"103.04";"A";"103.05";"A";"103.04";"A";"103.04";"A";"103.05";"A";"103.04";"A";"103.04";"A";"103.03";"A";"103.03";"A";"103.03";"A";"103.04";"A"
"2011-08";"100.48";"A";"100.48";"A";"100.49";"A";"100.49";"A";"100.49";"A";"100.49";"A";"100.48";"A";"100.48";"A";"100.47";"A";"100.48";"A";"100.48";"A";"100.48";"A";"100.48";"A";"100.48";"A";"100.29";"A";"100.29";"A";"100.29";"A";"100.29";"A";"100.29";"A";"100.3";"A";"100.29";"A";"100.29";"A";"100.28";"A";"100.28";"A";"100.28";"A";"100.29";"A"
"2011-09";"101.04";"A";"101.04";"A";"101.05";"A";"101.05";"A";"101.05";"A";"101.05";"A";"101.04";"A";"101.04";"A";"101.03";"A";"101.04";"A";"101.04";"A";"101.04";"A";"101.04";"A";"101.04";"A";"100.85";"A";"100.85";"A";"100.85";"A";"100.84";"A";"100.84";"A";"100.85";"A";"100.84";"A";"100.84";"A";"100.84";"A";"100.83";"A";"100.83";"A";"100.85";"A"
"2011-10";"100.93";"A";"100.93";"A";"100.94";"A";"100.93";"A";"100.93";"A";"100.93";"A";"100.93";"A";"100.92";"A";"100.92";"A";"100.93";"A";"100.93";"A";"100.93";"A";"100.93";"A";"100.93";"A";"100.76";"A";"100.76";"A";"100.76";"A";"100.76";"A";"100.75";"A";"100.76";"A";"100.75";"A";"100.76";"A";"100.75";"A";"100.74";"A";"100.74";"A";"100.76";"A"
"2011-11";"101.26";"A";"101.26";"A";"101.27";"A";"101.27";"A";"101.27";"A";"101.27";"A";"101.26";"A";"101.26";"A";"101.25";"A";"101.26";"A";"101.26";"A";"101.26";"A";"101.26";"A";"101.26";"A";"101.08";"A";"101.08";"A";"101.08";"A";"101.07";"A";"101.07";"A";"101.08";"A";"101.07";"A";"101.07";"A";"101.07";"A";"101.06";"A";"101.06";"A";"101.08";"A"
"2011-12";"98.8";"A";"98.81";"A";"98.81";"A";"98.81";"A";"98.81";"A";"98.81";"A";"98.81";"A";"98.8";"A";"98.8";"A";"98.8";"A";"98.8";"A";"98.8";"A";"98.8";"A";"98.8";"A";"98.61";"A";"98.61";"A";"98.61";"A";"98.61";"A";"98.61";"A";"98.61";"A";"98.6";"A";"98.61";"A";"98.6";"A";"98.59";"A";"98.59";"A";"98.61";"A"
"2012-01";"99.37";"A";"99.37";"A";"99.38";"A";"99.37";"A";"99.37";"A";"99.37";"A";"99.37";"A";"99.36";"A";"99.36";"A";"99.37";"A";"99.37";"A";"99.37";"A";"99.37";"A";"99.36";"A";"99.17";"A";"99.17";"A";"99.19";"A";"99.19";"A";"99.15";"A";"99.17";"A";"99.16";"A";"99.17";"A";"99.16";"A";"99.17";"A";"99.17";"A";"99.18";"A"
"2012-02";"100.11";"A";"100.11";"A";"100.12";"A";"100.11";"A";"100.12";"A";"100.12";"A";"100.11";"A";"100.11";"A";"100.1";"A";"100.11";"A";"100.11";"A";"100.11";"A";"100.11";"A";"100.11";"A";"99.91";"A";"99.88";"A";"99.89";"A";"99.88";"A";"99.88";"A";"99.91";"A";"99.89";"A";"99.89";"A";"99.85";"A";"99.81";"A";"99.78";"A";"99.93";"A"
"2012-03";"100.38";"A";"100.38";"A";"100.39";"A";"100.39";"A";"100.39";"A";"100.39";"A";"100.39";"A";"100.38";"A";"100.38";"A";"100.38";"A";"100.38";"A";"100.38";"A";"100.38";"A";"100.38";"A";"100.18";"A";"100.17";"A";"100.16";"A";"100.17";"A";"100.16";"A";"100.14";"A";"100.13";"A";"100.15";"A";"100.17";"A";"100.13";"A";"100.14";"A";"100.16";"A"
"2012-04";"100.77";"A";"100.77";"A";"100.78";"A";"100.78";"A";"100.78";"A";"100.78";"A";"100.77";"A";"100.77";"A";"100.77";"A";"100.77";"A";"100.77";"A";"100.77";"A";"100.77";"A";"100.77";"A";"100.57";"A";"100.57";"A";"100.56";"A";"100.55";"A";"100.57";"A";"100.56";"A";"100.54";"A";"100.52";"A";"100.53";"A";"100.52";"A";"100.52";"A";"100.52";"A"
"2012-05";"101.03";"A";"101.03";"A";"101.04";"A";"101.04";"A";"101.04";"A";"101.04";"A";"101.03";"A";"101.03";"A";"101.02";"A";"101.03";"A";"101.03";"A";"101.03";"A";"101.03";"A";"101.03";"A";"100.83";"A";"100.81";"A";"100.81";"A";"100.82";"A";"100.84";"A";"100.89";"A";"100.88";"A";"100.89";"A";"100.78";"A";"100.88";"A";"100.89";"A";"100.9";"A"
"2012-06";"101.43";"A";"101.43";"A";"101.44";"A";"101.44";"A";"101.44";"A";"101.44";"A";"101.43";"A";"101.43";"A";"101.42";"A";"101.43";"A";"101.43";"A";"101.43";"A";"101.43";"A";"101.43";"A";"101.22";"A";"101.22";"A";"101.22";"A";"101.21";"A";"101.19";"A";"101.17";"A";"101.16";"A";"101.16";"A";"101.17";"A";"101.15";"A";"101.16";"A";"101.16";"A"
"2012-07";"99.73";"A";"99.73";"A";"99.74";"A";"99.73";"A";"99.73";"A";"99.73";"A";"99.73";"A";"99.72";"A";"99.72";"A";"99.72";"A";"99.72";"A";"99.73";"A";"99.73";"A";"99.72";"A";"99.55";"A";"99.6";"A";"99.61";"A";"99.62";"A";"99.64";"A";"99.67";"A";"99.64";"A";"99.65";"A";"99.66";"A";"99.66";"A";"99.65";"A";"99.67";"A"
"2012-08";"100.41";"A";"100.41";"A";"100.42";"A";"100.41";"A";"100.41";"A";"100.42";"A";"100.41";"A";"100.41";"A";"100.4";"A";"100.41";"A";"100.41";"A";"100.41";"A";"100.41";"A";"100.41";"A";"100.2";"A";"100.21";"A";"100.21";"A";"100.21";"A";"100.21";"A";"100.18";"A";"100.22";"A";"100.24";"A";"100.27";"A";"100.28";"A";"100.28";"A";"100.31";"A"
"2012-09";"100.07";"A";"100.07";"A";"100.08";"A";"100.08";"A";"100.08";"A";"100.08";"A";"100.07";"A";"100.07";"A";"100.06";"A";"100.07";"A";"100.07";"A";"100.07";"A";"100.07";"A";"100.07";"A";"99.87";"A";"99.88";"A";"99.86";"A";"99.84";"A";"99.84";"A";"99.79";"A";"99.77";"A";"99.75";"A";"99.76";"A";"99.73";"A";"99.73";"A";"99.73";"A"
"2012-10";"101.32";"A";"101.32";"A";"101.33";"A";"101.32";"A";"101.32";"A";"101.32";"A";"101.32";"A";"101.31";"A";"101.31";"A";"101.32";"A";"101.32";"A";"101.32";"A";"101.32";"A";"101.32";"A";"101.12";"A";"101.1";"A";"101.12";"A";"101.12";"A";"101.1";"A";"101.2";"A";"101.2";"A";"101.22";"A";"101.2";"A";"101.2";"A";"101.2";"A";"101.18";"A"
"2012-11";"100.3";"A";"100.3";"A";"100.31";"A";"100.31";"A";"100.31";"A";"100.31";"A";"100.31";"A";"100.3";"A";"100.3";"A";"100.3";"A";"100.3";"A";"100.3";"A";"100.3";"A";"100.3";"A";"100.1";"A";"100.08";"A";"100.09";"A";"100.09";"A";"100.07";"A";"100.09";"A";"100.1";"A";"100.13";"A";"100.16";"A";"100.13";"A";"100.12";"A";"100.12";"A"
"2012-12";"100.76";"A";"100.76";"A";"100.77";"A";"100.76";"A";"100.76";"A";"100.77";"A";"100.76";"A";"100.76";"A";"100.75";"A";"100.76";"A";"100.76";"A";"100.76";"A";"100.76";"A";"100.76";"A";"100.56";"A";"100.56";"A";"100.54";"A";"100.52";"A";"100.54";"A";"100.5";"A";"100.46";"A";"100.43";"A";"100.4";"A";"100.4";"A";"100.4";"A";"100.39";"A"
"2013-01";"99.29";"A";"99.29";"A";"99.3";"A";"99.29";"A";"99.29";"A";"99.3";"A";"99.29";"A";"99.29";"A";"99.28";"A";"99.29";"A";"99.29";"A";"99.29";"A";"99.29";"A";"99.29";"A";"99.09";"A";"99.08";"A";"99.08";"A";"99.09";"A";"99.07";"A";"99.08";"A";"99.06";"A";"99.05";"A";"99.03";"A";"99.03";"A";"99.03";"A";"99.06";"A"
"2013-02";"99.94";"A";"99.94";"A";"99.95";"A";"99.95";"A";"99.95";"A";"99.95";"A";"99.94";"A";"99.94";"A";"99.93";"A";"99.94";"A";"99.94";"A";"99.94";"A";"99.94";"A";"99.94";"A";"99.75";"A";"99.74";"A";"99.73";"A";"99.73";"A";"99.73";"A";"99.71";"A";"99.71";"A";"99.7";"A";"99.72";"A";"99.72";"A";"99.73";"A";"99.69";"A"
"2013-03";"99.6";"A";"99.6";"A";"99.6";"A";"99.6";"A";"99.6";"A";"99.6";"A";"99.6";"A";"99.59";"A";"99.59";"A";"99.6";"A";"99.59";"A";"99.6";"A";"99.6";"A";"99.59";"A";"99.4";"A";"99.39";"A";"99.38";"A";"99.35";"A";"99.36";"A";"99.31";"A";"99.29";"A";"99.29";"A";"99.28";"A";"99.25";"A";"99.26";"A";"99.25";"A"
"2013-04";"99.93";"A";"99.93";"A";"99.93";"A";"99.93";"A";"99.93";"A";"99.93";"A";"99.93";"A";"99.92";"A";"99.92";"A";"99.92";"A";"99.92";"A";"99.93";"A";"99.93";"A";"99.92";"A";"99.73";"A";"99.73";"A";"99.73";"A";"99.74";"A";"99.73";"A";"99.75";"A";"99.75";"A";"99.76";"A";"99.78";"A";"99.76";"A";"99.76";"A";"99.77";"A"
"2013-05";"101.19";"A";"101.19";"A";"101.2";"A";"101.19";"A";"101.19";"A";"101.19";"A";"101.19";"A";"101.18";"A";"101.18";"A";"101.19";"A";"101.18";"A";"101.19";"A";"101.19";"A";"101.18";"A";"100.99";"A";"101.0";"A";"101.02";"A";"101.02";"A";"101.03";"A";"101.04";"A";"101.06";"A";"101.11";"A";"101.06";"A";"101.16";"A";"101.16";"A";"101.21";"A"
"2013-06";"96.02";"A";"96.02";"A";"96.02";"A";"96.02";"A";"96.02";"A";"96.02";"A";"96.02";"A";"96.01";"A";"96.01";"A";"96.01";"A";"96.01";"A";"96.01";"A";"96.01";"A";"96.01";"A";"95.82";"A";"95.83";"A";"95.81";"A";"95.8";"A";"95.8";"A";"95.76";"A";"95.74";"A";"95.71";"A";"95.72";"A";"95.69";"A";"95.71";"A";"95.71";"A"
"2013-07";"97.42";"A";"97.42";"A";"97.43";"A";"97.42";"A";"97.42";"A";"97.42";"A";"97.42";"A";"97.41";"A";"97.41";"A";"97.42";"A";"97.42";"A";"97.42";"A";"97.42";"A";"97.42";"A";"97.24";"A";"97.27";"A";"97.29";"A";"97.32";"A";"97.3";"A";"97.39";"A";"97.37";"A";"97.37";"A";"97.36";"A";"97.37";"A";"97.36";"A";"97.37";"A"
"2013-08";"98.94";"A";"98.94";"A";"98.95";"A";"98.94";"A";"98.94";"A";"98.95";"A";"98.94";"A";"98.94";"A";"98.93";"A";"98.94";"A";"98.94";"A";"98.94";"A";"98.94";"A";"98.94";"A";"98.74";"A";"98.74";"A";"98.72";"A";"98.71";"A";"98.7";"A";"98.65";"A";"98.67";"A";"98.67";"A";"98.67";"A";"98.66";"A";"98.66";"A";"98.66";"A"
"2013-09";"98.13";"A";"98.13";"A";"98.14";"A";"98.14";"A";"98.14";"A";"98.14";"A";"98.13";"A";"98.13";"A";"98.12";"A";"98.13";"A";"98.13";"A";"98.13";"A";"98.13";"A";"98.13";"A";"97.93";"A";"97.93";"A";"97.94";"A";"97.92";"A";"97.92";"A";"97.91";"A";"97.89";"A";"97.9";"A";"97.91";"A";"97.89";"A";"97.9";"A";"97.89";"A"
"2013-10";"98.65";"A";"98.66";"A";"98.66";"A";"98.66";"A";"98.66";"A";"98.66";"A";"98.66";"A";"98.65";"A";"98.65";"A";"98.65";"A";"98.65";"A";"98.65";"A";"98.65";"A";"98.65";"A";"98.45";"A";"98.44";"A";"98.44";"A";"98.46";"A";"98.43";"A";"98.52";"A";"98.52";"A";"98.55";"A";"98.55";"A";"98.54";"A";"98.54";"A";"98.55";"A"
"2013-11";"100.34";"A";"100.35";"A";"100.35";"A";"100.35";"A";"100.35";"A";"100.35";"A";"100.35";"A";"100.34";"A";"100.34";"A";"100.34";"A";"100.34";"A";"100.34";"A";"100.34";"A";"100.34";"A";"100.15";"A";"100.14";"A";"100.11";"A";"100.11";"A";"100.1";"A";"100.07";"A";"100.05";"A";"100.05";"A";"100.06";"A";"100.02";"A";"100.01";"A";"100.01";"A"
"2013-12";"100.25";"A";"100.25";"A";"100.26";"A";"100.26";"A";"100.26";"A";"100.26";"A";"100.25";"A";"100.25";"A";"100.25";"A";"100.25";"A";"100.25";"A";"100.25";"A";"100.25";"A";"100.25";"A";"100.05";"A";"100.09";"A";"100.08";"A";"100.08";"A";"100.09";"A";"100.07";"A";"100.06";"A";"100.07";"A";"100.08";"A";"100.09";"A";"100.08";"A";"100.1";"A"
"2014-01";"98.9";"A";"98.91";"A";"98.91";"A";"98.91";"A";"98.91";"A";"98.91";"A";"98.91";"A";"98.9";"A";"98.9";"A";"98.9";"A";"98.9";"A";"98.9";"A";"98.9";"A";"98.9";"A";"98.71";"A";"98.71";"A";"98.72";"A";"98.71";"A";"98.7";"A";"98.68";"A";"98.67";"A";"98.66";"A";"98.67";"A";"98.67";"A";"98.67";"A";"98.71";"A"
"2014-02";"100.02";"A";"100.03";"A";"100.03";"A";"100.03";"A";"100.03";"A";"100.03";"A";"100.03";"A";"100.02";"A";"100.02";"A";"100.02";"A";"100.02";"A";"100.02";"A";"100.02";"A";"100.02";"A";"99.82";"A";"99.8";"A";"99.79";"A";"99.8";"A";"99.79";"A";"99.77";"A";"99.77";"A";"99.77";"A";"99.78";"A";"99.79";"A";"99.8";"A";"99.75";"A"
"2014-03";"97.65";"A";"97.65";"A";"97.66";"A";"97.65";"A";"97.65";"A";"97.65";"A";"97.65";"A";"97.64";"A";"97.64";"A";"97.64";"A";"97.64";"A";"97.65";"A";"97.65";"A";"97.64";"A";"97.45";"A";"97.45";"A";"97.44";"A";"97.42";"A";"97.43";"A";"97.41";"A";"97.39";"A";"97.37";"A";"97.36";"A";"97.33";"A";"97.35";"A";"97.35";"A"
"2014-04";"100.65";"A";"100.65";"A";"100.66";"A";"100.65";"A";"100.66";"A";"100.66";"A";"100.65";"A";"100.65";"A";"100.64";"A";"100.65";"A";"100.65";"A";"100.65";"A";"100.65";"A";"100.65";"A";"100.44";"A";"100.42";"A";"100.41";"A";"100.43";"A";"100.41";"A";"100.44";"A";"100.43";"A";"100.44";"A";"100.44";"A";"100.42";"A";"100.42";"A";"100.4";"A"
"2014-05";"98.88";"A";"98.88";"A";"98.89";"A";"98.89";"A";"98.89";"A";"98.89";"A";"98.88";"A";"98.88";"A";"98.87";"A";"98.88";"A";"98.88";"A";"98.88";"A";"98.88";"A";"98.88";"A";"98.66";"A";"98.64";"A";"98.67";"A";"98.64";"A";"98.63";"A";"98.66";"A";"98.67";"A";"98.68";"A";"98.57";"A";"98.66";"A";"98.66";"A";"98.64";"A"
"2014-06";"99.43";"A";"99.43";"A";"99.43";"A";"99.43";"A";"99.43";"A";"99.43";"A";"99.43";"A";"99.42";"A";"99.42";"A";"99.42";"A";"99.42";"A";"99.43";"A";"99.43";"A";"99.42";"A";"99.22";"A";"99.23";"A";"99.23";"A";"99.2";"A";"99.22";"A";"99.19";"A";"99.17";"A";"99.14";"A";"99.15";"A";"99.12";"A";"99.13";"A";"99.13";"A"
"2014-07";"99.14";"A";"99.14";"A";"99.14";"A";"99.14";"A";"99.14";"A";"99.14";"A";"99.14";"A";"99.13";"A";"99.13";"A";"99.13";"A";"99.13";"A";"99.13";"A";"99.13";"A";"99.13";"A";"98.93";"A";"98.98";"A";"98.95";"A";"99.01";"A";"98.99";"A";"99.03";"A";"99.02";"A";"99.04";"A";"99.06";"A";"99.06";"A";"99.04";"A";"99.08";"A"
"2014-08";"98.88";"A";"98.88";"A";"98.89";"A";"98.89";"A";"98.89";"A";"98.89";"A";"98.89";"A";"98.88";"A";"98.88";"A";"98.88";"A";"98.88";"A";"98.88";"A";"98.88";"A";"98.88";"A";"98.68";"A";"98.69";"A";"98.66";"A";"98.64";"A";"98.65";"A";"98.59";"A";"98.59";"A";"98.57";"A";"98.57";"A";"98.56";"A";"98.55";"A";"98.57";"A"
"2014-09";"99.92";"A";"99.93";"A";"99.93";"A";"99.93";"A";"99.93";"A";"99.93";"A";"99.93";"A";"99.92";"A";"99.92";"A";"99.92";"A";"99.92";"A";"99.92";"A";"99.92";"A";"99.92";"A";"99.73";"A";"99.74";"A";"99.75";"A";"99.75";"A";"99.73";"A";"99.73";"A";"99.73";"A";"99.76";"A";"99.77";"A";"99.77";"A";"99.77";"A";"99.77";"A"
"2014-10";"98.66";"A";"98.66";"A";"98.66";"A";"98.66";"A";"98.66";"A";"98.66";"A";"98.66";"A";"98.65";"A";"98.65";"A";"98.65";"A";"98.65";"A";"98.65";"A";"98.65";"A";"98.65";"A";"98.45";"A";"98.43";"A";"98.44";"A";"98.43";"A";"98.41";"A";"98.48";"A";"98.48";"A";"98.51";"A";"98.5";"A";"98.49";"A";"98.49";"A";"98.48";"A"
"2014-11";"97.09";"A";"97.09";"A";"97.1";"A";"97.1";"A";"97.1";"A";"97.1";"A";"97.09";"A";"97.09";"A";"97.09";"A";"97.09";"A";"97.09";"A";"97.09";"A";"97.09";"A";"97.09";"A";"96.88";"A";"96.87";"A";"96.85";"A";"96.83";"A";"96.86";"A";"96.84";"A";"96.81";"A";"96.8";"A";"96.8";"A";"96.78";"A";"96.77";"A";"96.77";"A"
"2014-12";"99.07";"A";"99.07";"A";"99.08";"A";"99.08";"A";"99.08";"A";"99.08";"A";"99.07";"A";"99.07";"A";"99.06";"A";"99.07";"A";"99.07";"A";"99.07";"A";"99.07";"A";"99.07";"A";"98.87";"A";"98.84";"A";"98.86";"A";"98.85";"A";"98.85";"A";"98.88";"A";"98.87";"A";"98.87";"A";"98.8";"A";"98.81";"A";"98.81";"A";"98.76";"A"
"2015-01";"98.71";"A";"98.71";"A";"98.72";"A";"98.71";"A";"98.71";"A";"98.71";"A";"98.71";"A";"98.7";"A";"98.7";"A";"98.7";"A";"98.71";"A";"98.71";"A";"98.71";"A";"98.71";"A";"98.5";"A";"98.5";"A";"98.49";"A";"98.46";"A";"98.46";"A";"98.4";"A";"98.39";"A";"98.36";"A";"98.33";"A";"98.34";"A";"98.34";"A";"98.34";"A"
"2015-02";"98.27";"A";"98.27";"A";"98.28";"A";"98.28";"A";"98.28";"A";"98.28";"A";"98.28";"A";"98.27";"A";"98.27";"A";"98.27";"A";"98.27";"A";"98.27";"A";"98.27";"A";"98.27";"A";"98.06";"A";"98.05";"A";"98.04";"A";"98.04";"A";"98.04";"A";"98.02";"A";"98.02";"A";"98.02";"A";"98.03";"A";"98.02";"A";"98.05";"A";"97.98";"A"
"2015-03";"99.47";"A";"99.48";"A";"99.48";"A";"99.48";"A";"99.48";"A";"99.48";"A";"99.48";"A";"99.47";"A";"99.47";"A";"99.47";"A";"99.47";"A";"99.47";"A";"99.47";"A";"99.47";"A";"99.26";"A";"99.28";"A";"99.28";"A";"99.28";"A";"99.29";"A";"99.3";"A";"99.29";"A";"99.29";"A";"99.3";"A";"99.28";"A";"99.3";"A";"99.31";"A"
"2015-04";"99.42";"A";"99.43";"A";"99.43";"A";"99.43";"A";"99.43";"A";"99.43";"A";"99.43";"A";"99.42";"A";"99.42";"A";"99.42";"A";"99.42";"A";"99.42";"A";"99.42";"A";"99.42";"A";"99.22";"A";"99.18";"A";"99.17";"A";"99.2";"A";"99.19";"A";"99.2";"A";"99.19";"A";"99.2";"A";"99.22";"A";"99.21";"A";"99.21";"A";"99.22";"A"
"2015-05";"99.41";"A";"99.42";"A";"99.42";"A";"99.42";"A";"99.42";"A";"99.42";"A";"99.42";"A";"99.41";"A";"99.41";"A";"99.41";"A";"99.41";"A";"99.41";"A";"99.41";"A";"99.41";"A";"99.21";"A";"99.22";"A";"99.21";"A";"99.21";"A";"99.22";"A";"99.21";"A";"99.18";"A";"99.18";"A";"99.14";"A";"99.18";"A";"99.16";"A";"99.21";"A"
"2015-06";"101.01";"A";"101.01";"A";"101.02";"A";"101.02";"A";"101.02";"A";"101.02";"A";"101.01";"A";"101.01";"A";"101.0";"A";"101.01";"A";"101.01";"A";"101.01";"A";"101.01";"A";"101.01";"A";"100.8";"A";"100.81";"A";"100.84";"A";"100.84";"A";"100.82";"A";"100.86";"A";"100.88";"A";"100.87";"A";"100.87";"A";"100.85";"A";"100.87";"A";"100.88";"A"
"2015-07";"99.89";"A";"99.89";"A";"99.89";"A";"99.89";"A";"99.89";"A";"99.89";"A";"99.89";"A";"99.88";"A";"99.88";"A";"99.88";"A";"99.88";"A";"99.89";"A";"99.89";"A";"99.88";"A";"99.67";"A";"99.68";"A";"99.71";"A";"99.72";"A";"99.73";"A";"99.76";"A";"99.68";"A";"99.76";"A";"99.78";"A";"99.75";"A";"99.75";"A";"99.74";"A"
"2015-08";"99.96";"A";"99.96";"A";"99.97";"A";"99.97";"A";"99.97";"A";"99.97";"A";"99.96";"A";"99.96";"A";"99.96";"A";"99.96";"A";"99.96";"A";"99.96";"A";"99.96";"A";"99.96";"A";"99.74";"A";"99.77";"A";"99.76";"A";"99.76";"A";"99.77";"A";"99.77";"A";"99.77";"A";"99.74";"A";"99.75";"A";"99.76";"A";"99.75";"A";"99.77";"A"
"2015-09";"100.46";"A";"100.46";"A";"100.47";"A";"100.46";"A";"100.47";"A";"100.47";"A";"100.46";"A";"100.46";"A";"100.45";"A";"100.46";"A";"100.46";"A";"100.46";"A";"100.46";"A";"100.46";"A";"100.24";"A";"100.22";"A";"100.22";"A";"100.22";"A";"100.2";"A";"100.21";"A";"100.21";"A";"100.24";"A";"100.22";"A";"100.22";"A";"100.22";"A";"100.2";"A"
"2015-10";"100.7";"A";"100.7";"A";"100.71";"A";"100.71";"A";"100.71";"A";"100.71";"A";"100.7";"A";"100.7";"A";"100.69";"A";"100.7";"A";"100.7";"A";"100.7";"A";"100.7";"A";"100.7";"A";"100.49";"A";"100.49";"A";"100.48";"A";"100.47";"A";"100.44";"A";"100.44";"A";"100.48";"A";"100.45";"A";"100.45";"A";"100.46";"A";"100.46";"A";"100.48";"A"
"2015-11";"99.81";"A";"99.81";"A";"99.82";"A";"99.81";"A";"99.82";"A";"99.82";"A";"99.81";"A";"99.81";"A";"99.8";"A";"99.81";"A";"99.81";"A";"99.81";"A";"99.81";"A";"99.81";"A";"99.6";"A";"99.62";"A";"99.62";"A";"99.62";"A";"99.63";"A";"99.63";"A";"99.62";"A";"99.62";"A";"99.63";"A";"99.63";"A";"99.63";"A";"99.66";"A"
"2015-12";"99.2";"A";"99.2";"A";"99.21";"A";"99.21";"A";"99.21";"A";"99.21";"A";"99.2";"A";"99.2";"A";"99.19";"A";"99.2";"A";"99.2";"A";"99.2";"A";"99.2";"A";"99.2";"A";"98.99";"A";"98.98";"A";"98.98";"A";"99.01";"A";"99.0";"A";"99.06";"A";"99.06";"A";"99.06";"A";"99.05";"A";"99.02";"A";"99.01";"A";"99.02";"A"
"2016-01";"100.29";"A";"100.29";"A";"100.29";"A";"100.29";"A";"100.29";"A";"100.29";"A";"100.29";"A";"100.28";"A";"100.28";"A";"100.28";"A";"100.28";"A";"100.29";"A";"100.29";"A";"100.28";"A";"100.08";"A";"100.09";"A";"100.07";"A";"100.05";"A";"100.06";"A";"100.0";"A";"99.98";"A";"99.94";"A";"99.91";"A";"99.92";"A";"99.92";"A";"99.93";"A"
"2016-02";"99.66";"A";"99.67";"A";"99.67";"A";"99.67";"A";"99.67";"A";"99.67";"A";"99.67";"A";"99.66";"A";"99.66";"A";"99.66";"A";"99.66";"A";"99.66";"A";"99.66";"A";"99.66";"A";"99.46";"A";"99.45";"A";"99.45";"A";"99.44";"A";"99.44";"A";"99.46";"A";"99.45";"A";"99.46";"A";"99.44";"A";"99.44";"A";"99.37";"A";"99.59";"A"
"2016-03";"99.56";"A";"99.56";"A";"99.57";"A";"99.57";"A";"99.57";"A";"99.57";"A";"99.56";"A";"99.56";"A";"99.56";"A";"99.56";"A";"99.56";"A";"99.56";"A";"99.56";"A";"99.56";"A";"99.36";"A";"99.35";"A";"99.32";"A";"99.34";"A";"99.33";"A";"99.34";"A";"99.33";"A";"99.34";"A";"99.35";"A";"99.34";"A";"99.34";"A";"99.38";"A"
"2016-04";"98.95";"A";"98.95";"A";"98.96";"A";"98.95";"A";"98.95";"A";"98.95";"A";"98.95";"A";"98.94";"A";"98.94";"A";"98.95";"A";"98.95";"A";"98.95";"A";"98.95";"A";"98.95";"A";"98.74";"A";"98.71";"A";"98.71";"A";"98.71";"A";"98.69";"A";"98.68";"A";"98.68";"A";"98.69";"A";"98.7";"A";"98.69";"A";"98.71";"A";"98.69";"A"
"2016-05";"98.51";"A";"98.51";"A";"98.52";"A";"98.52";"A";"98.52";"A";"98.52";"A";"98.51";"A";"98.51";"A";"98.51";"A";"98.51";"A";"98.51";"A";"98.51";"A";"98.51";"A";"98.51";"A";"98.3";"A";"98.32";"A";"98.34";"A";"98.35";"A";"98.34";"A";"98.39";"A";"98.4";"A";"98.42";"A";"98.42";"A";"98.44";"A";"98.44";"A";"98.48";"A"
"2016-06";"98.52";"A";"98.52";"A";"98.52";"A";"98.52";"A";"98.52";"A";"98.52";"A";"98.52";"A";"98.51";"A";"98.51";"A";"98.51";"A";"98.51";"A";"98.51";"A";"98.51";"A";"98.51";"A";"98.31";"A";"98.29";"A";"98.3";"A";"98.32";"A";"98.3";"A";"98.35";"A";"98.35";"A";"98.35";"A";"98.34";"A";"98.33";"A";"98.34";"A";"98.35";"A"
"2016-07";"99.71";"A";"99.71";"A";"99.72";"A";"99.72";"A";"99.72";"A";"99.72";"A";"99.71";"A";"99.71";"A";"99.71";"A";"99.71";"A";"99.71";"A";"99.71";"A";"99.71";"A";"99.71";"A";"99.49";"A";"99.52";"A";"99.52";"A";"99.49";"A";"99.5";"A";"99.47";"A";"99.39";"A";"99.44";"A";"99.42";"A";"99.41";"A";"99.4";"A";"99.36";"A"
"2016-08";"99.75";"A";"99.75";"A";"99.76";"A";"99.76";"A";"99.76";"A";"99.76";"A";"99.75";"A";"99.75";"A";"99.74";"A";"99.75";"A";"99.75";"A";"99.75";"A";"99.75";"A";"99.75";"A";"99.53";"A";"99.53";"A";"99.53";"A";"99.53";"A";"99.52";"A";"99.55";"A";"99.57";"A";"99.56";"A";"99.55";"A";"99.54";"A";"99.54";"A";"99.54";"A"
"2016-09";"99.62";"A";"99.62";"A";"99.62";"A";"99.62";"A";"99.62";"A";"99.62";"A";"99.62";"A";"99.61";"A";"99.61";"A";"99.61";"A";"99.61";"A";"99.62";"A";"99.61";"A";"99.61";"A";"99.4";"A";"99.4";"A";"99.39";"A";"99.4";"A";"99.39";"A";"99.37";"A";"99.37";"A";"99.4";"A";"99.42";"A";"99.44";"A";"99.42";"A";"99.46";"A"
"2016-10";"98.64";"A";"98.64";"A";"98.65";"A";"98.65";"A";"98.65";"A";"98.65";"A";"98.64";"A";"98.64";"A";"98.64";"A";"98.64";"A";"98.64";"A";"98.64";"A";"98.64";"A";"98.64";"A";"98.43";"A";"98.45";"A";"98.43";"A";"98.41";"A";"98.41";"A";"98.39";"A";"98.41";"A";"98.38";"A";"98.34";"A";"98.35";"A";"98.36";"A";"98.36";"A"
"2016-11";"99.74";"A";"99.75";"A";"99.75";"A";"99.75";"A";"99.75";"A";"99.75";"A";"99.75";"A";"99.74";"A";"99.74";"A";"99.74";"A";"99.74";"A";"99.74";"A";"99.74";"A";"99.74";"A";"99.54";"A";"99.5";"A";"99.5";"A";"99.49";"A";"99.5";"A";"99.53";"A";"99.51";"A";"99.51";"A";"99.46";"A";"99.46";"A";"99.46";"A";"99.45";"A"
"2016-12";"99.47";"A";"99.47";"A";"99.48";"A";"99.48";"A";"99.48";"A";"99.48";"A";"99.47";"A";"99.47";"A";"99.46";"A";"99.47";"A";"99.47";"A";"99.47";"A";"99.47";"A";"99.47";"A";"99.25";"A";"99.22";"A";"99.23";"A";"99.24";"A";"99.21";"A";"99.21";"A";"99.22";"A";"99.22";"A";"99.23";"A";"99.21";"A";"99.21";"A";"99.21";"A"
"2017-01";"98.78";"A";"98.77";"A";"98.76";"A";"98.75";"A";"98.79";"A";"98.76";"A";"98.79";"A";"98.79";"A";"98.81";"A";"98.77";"A";"98.76";"A";"98.76";"A";"98.75";"A";"98.76";"A";"98.56";"A";"98.58";"A";"98.59";"A";"98.59";"A";"98.59";"A";"98.61";"A";"98.61";"A";"98.59";"A";"98.56";"A";"98.57";"A";"98.57";"A";"98.59";"A"
"2017-02";"99.3";"A";"99.29";"A";"99.31";"A";"99.3";"A";"99.32";"A";"99.31";"A";"99.3";"A";"99.3";"A";"99.29";"A";"99.29";"A";"99.3";"A";"99.3";"A";"99.3";"A";"99.29";"A";"99.11";"A";"99.1";"A";"99.09";"A";"99.09";"A";"99.09";"A";"99.08";"A";"99.08";"A";"99.07";"A";"99.08";"A";"99.07";"A";"99.1";"A";"99.04";"A"
"2017-03";"99.74";"A";"99.74";"A";"99.79";"A";"99.84";"A";"99.79";"A";"99.8";"A";"99.78";"A";"99.79";"A";"99.8";"A";"99.82";"A";"99.82";"A";"99.81";"A";"99.82";"A";"99.8";"A";"99.4";"A";"99.37";"A";"99.37";"A";"99.37";"A";"99.36";"A";"99.39";"A";"99.39";"A";"99.4";"A";"99.41";"A";"99.39";"A";"99.42";"A";"99.44";"A"
"2017-04";"98.78";"A";"98.79";"A";"98.83";"A";"98.8";"A";"98.82";"A";"98.8";"A";"98.79";"A";"98.77";"A";"98.75";"A";"98.74";"A";"98.75";"A";"98.76";"A";"98.76";"A";"98.76";"A";"98.62";"A";"98.6";"A";"98.58";"A";"98.58";"A";"98.58";"A";"98.52";"A";"98.5";"A";"98.5";"A";"98.51";"A";"98.5";"A";"98.5";"A";"98.49";"A"
"2017-05";"100.16";"A";"100.16";"A";"100.22";"A";"100.2";"A";"100.21";"A";"100.21";"A";"100.2";"A";"100.22";"A";"100.21";"A";"100.22";"A";"100.22";"A";"100.23";"A";"100.24";"A";"100.21";"A";"99.96";"A";"99.96";"A";"99.97";"A";"99.96";"A";"99.95";"A";"99.99";"A";"99.99";"A";"100.03";"A";"100.03";"A";"100.03";"A";"100.03";"A";"100.04";"A"
"2017-06";"98.6";"A";"98.61";"A";"98.59";"A";"98.62";"A";"98.59";"A";"98.58";"A";"98.57";"A";"98.58";"A";"98.56";"A";"98.57";"A";"98.58";"A";"98.59";"A";"98.61";"A";"98.62";"A";"98.36";"A";"98.35";"A";"98.37";"A";"98.38";"A";"98.37";"A";"98.35";"A";"98.35";"A";"98.35";"A";"98.38";"A";"98.38";"A";"98.37";"A";"98.42";"A"
"2017-07";"99.4";"A";"99.4";"A";"99.35";"A";"99.33";"A";"99.34";"A";"99.34";"A";"99.37";"A";"99.31";"A";"99.31";"A";"99.34";"A";"99.32";"A";"99.33";"A";"99.29";"A";"99.31";"A";"99.2";"A";"99.26";"A";"99.26";"A";"99.26";"A";"99.27";"A";"99.3";"A";"99.21";"A";"99.24";"A";"99.22";"A";"99.21";"A";"99.18";"A";"99.19";"A"
"2017-08";"100.44";"A";"100.44";"A";"100.41";"A";"100.39";"A";"100.41";"A";"100.43";"A";"100.42";"A";"100.41";"A";"100.38";"A";"100.4";"A";"100.39";"A";"100.39";"A";"100.39";"A";"100.38";"A";"100.14";"A";"100.14";"A";"100.13";"A";"100.14";"A";"100.13";"A";"100.16";"A";"100.18";"A";"100.17";"A";"100.17";"A";"100.16";"A";"100.16";"A";"100.18";"A"
"2017-09";"100.59";"A";"100.59";"A";"100.59";"A";"100.58";"A";"100.58";"A";"100.59";"A";"100.59";"A";"100.56";"A";"100.58";"A";"100.59";"A";"100.58";"A";"100.58";"A";"100.59";"A";"100.58";"A";"100.41";"A";"100.4";"A";"100.39";"A";"100.36";"A";"100.36";"A";"100.31";"A";"100.31";"A";"100.33";"A";"100.32";"A";"100.32";"A";"100.32";"A";"100.33";"A"
"2017-10";"99.38";"A";"99.38";"A";"99.36";"A";"99.35";"A";"99.35";"A";"99.37";"A";"99.36";"A";"99.37";"A";"99.38";"A";"99.38";"A";"99.37";"A";"99.37";"A";"99.36";"A";"99.36";"A";"99.12";"A";"99.15";"A";"99.14";"A";"99.14";"A";"99.14";"A";"99.11";"A";"99.17";"A";"99.15";"A";"99.14";"A";"99.15";"A";"99.16";"A";"99.17";"A"
"2017-11";"99.54";"A";"99.54";"A";"99.53";"A";"99.53";"A";"99.53";"A";"99.54";"A";"99.52";"A";"99.53";"A";"99.52";"A";"99.53";"A";"99.53";"A";"99.53";"A";"99.53";"A";"99.54";"A";"99.33";"A";"99.34";"A";"99.34";"A";"99.37";"A";"99.37";"A";"99.41";"A";"99.4";"A";"99.4";"A";"99.41";"A";"99.42";"A";"99.41";"A";"99.46";"A"
"2017-12";"99.75";"A";"99.75";"A";"99.8";"A";"99.81";"A";"99.79";"A";"99.8";"A";"99.77";"A";"99.78";"A";"99.78";"A";"99.77";"A";"99.79";"A";"99.78";"A";"99.79";"A";"99.81";"A";"99.66";"A";"99.62";"A";"99.61";"A";"99.6";"A";"99.59";"A";"99.53";"A";"99.51";"A";"99.5";"A";"99.51";"A";"99.51";"A";"99.5";"A";"99.47";"A"
"2018-01";"99.55";"A";"99.54";"A";"99.61";"A";"99.63";"A";"99.65";"A";"99.6";"A";"99.62";"A";"99.64";"A";"99.63";"A";"99.59";"A";"99.59";"A";"99.6";"A";"99.6";"A";"99.62";"A";"99.47";"A";"99.46";"A";"99.45";"A";"99.44";"A";"99.47";"A";"99.47";"A";"99.47";"A";"99.45";"A";"99.41";"A";"99.41";"A";"99.41";"A";"99.41";"A"
"2018-02";"99.25";"A";"99.24";"A";"99.29";"A";"99.27";"A";"99.28";"A";"99.28";"A";"99.27";"A";"99.27";"A";"99.27";"A";"99.26";"A";"99.27";"A";"99.28";"A";"99.28";"A";"99.26";"A";"99.1";"A";"99.1";"A";"99.09";"A";"99.1";"A";"99.09";"A";"99.08";"A";"99.09";"A";"99.08";"A";"99.08";"A";"99.07";"A";"99.1";"A";"99.05";"A"
"2018-03";"100.88";"A";"100.89";"A";"100.87";"A";"100.89";"A";"100.86";"A";"100.87";"A";"100.85";"A";"100.83";"A";"100.83";"A";"100.85";"A";"100.85";"A";"100.84";"A";"100.83";"A";"100.83";"A";"100.53";"A";"100.53";"A";"100.51";"A";"100.52";"A";"100.5";"A";"100.5";"A";"100.49";"A";"100.49";"A";"100.52";"A";"100.5";"A";"100.53";"A";"100.58";"A"
"2018-04";"100.53";"A";"100.52";"A";"100.53";"A";"100.52";"A";"100.52";"A";"100.51";"A";"100.51";"A";"100.5";"A";"100.51";"A";"100.5";"A";"100.51";"A";"100.51";"A";"100.51";"A";"100.51";"A";"100.37";"A";"100.36";"A";"100.36";"A";"100.36";"A";"100.37";"A";"100.37";"A";"100.35";"A";"100.34";"A";"100.36";"A";"100.34";"A";"100.34";"A";"100.34";"A"
"2018-05";"99.97";"A";"99.96";"A";"100.01";"A";"99.99";"A";"99.98";"A";"99.99";"A";"99.96";"A";"99.94";"A";"99.95";"A";"99.99";"A";"99.98";"A";"99.98";"A";"99.98";"A";"99.96";"A";"100.0";"A";"99.97";"A";"99.97";"A";"99.96";"A";"99.97";"A";"99.97";"A";"99.94";"A";"99.96";"A";"99.99";"A";"100.0";"A";"100.0";"A";"100.03";"A"
"2018-06";"99.21";"A";"99.22";"A";"99.15";"A";"99.15";"A";"99.16";"A";"99.15";"A";"99.15";"A";"99.15";"A";"99.17";"A";"99.18";"A";"99.18";"A";"99.18";"A";"99.19";"A";"99.19";"A";"98.93";"A";"98.92";"A";"98.93";"A";"98.93";"A";"98.91";"A";"98.91";"A";"98.89";"A";"98.93";"A";"98.9";"A";"98.9";"A";"98.92";"A";"98.91";"A"
"2018-07";"98.96";"A";"98.96";"A";"98.87";"A";"98.91";"A";"98.87";"A";"98.87";"A";"98.91";"A";"98.93";"A";"98.91";"A";"98.94";"A";"98.92";"A";"98.93";"A";"98.93";"A";"98.94";"A";"98.74";"A";"98.79";"A";"98.82";"A";"98.82";"A";"98.84";"A";"98.92";"A";"98.87";"A";"98.89";"A";"98.89";"A";"98.9";"A";"98.87";"A";"98.88";"A"
"2018-08";"99.48";"A";"99.47";"A";"99.44";"A";"99.44";"A";"99.43";"A";"99.45";"A";"99.45";"A";"99.43";"A";"99.41";"A";"99.42";"A";"99.42";"A";"99.43";"A";"99.43";"A";"99.42";"A";"99.32";"A";"99.33";"A";"99.33";"A";"99.34";"A";"99.31";"A";"99.33";"A";"99.34";"A";"99.34";"A";"99.37";"A";"99.37";"A";"99.37";"A";"99.4";"A"
"2018-09";"99.07";"A";"99.07";"A";"99.05";"A";"99.03";"A";"99.04";"A";"99.05";"A";"99.04";"A";"98.99";"A";"99.01";"A";"99.01";"A";"99.0";"A";"99.0";"A";"98.99";"A";"98.99";"A";"98.66";"A";"98.67";"A";"98.66";"A";"98.63";"A";"98.65";"A";"98.61";"A";"98.59";"A";"98.59";"A";"98.58";"A";"98.57";"A";"98.56";"A";"98.59";"A"
"2018-10";"99.64";"A";"99.64";"A";"99.63";"A";"99.61";"A";"99.64";"A";"99.66";"A";"99.64";"A";"99.66";"A";"99.68";"A";"99.66";"A";"99.66";"A";"99.66";"A";"99.65";"A";"99.64";"A";"99.4";"A";"99.39";"A";"99.38";"A";"99.4";"A";"99.38";"A";"99.36";"A";"99.45";"A";"99.44";"A";"99.42";"A";"99.41";"A";"99.44";"A";"99.42";"A"
"2018-11";"98.69";"A";"98.69";"A";"98.75";"A";"98.76";"A";"98.75";"A";"98.77";"A";"98.77";"A";"98.78";"A";"98.79";"A";"98.8";"A";"98.8";"A";"98.8";"A";"98.81";"A";"98.8";"A";"98.49";"A";"98.47";"A";"98.47";"A";"98.48";"A";"98.46";"A";"98.47";"A";"98.47";"A";"98.47";"A";"98.45";"A";"98.46";"A";"98.46";"A";"98.46";"A"
"2018-12";"100.49";"A";"100.49";"A";"100.51";"A";"100.46";"A";"100.49";"A";"100.52";"A";"100.49";"A";"100.45";"A";"100.51";"A";"100.5";"A";"100.5";"A";"100.48";"A";"100.45";"A";"100.46";"A";"100.28";"A";"100.26";"A";"100.27";"A";"100.25";"A";"100.26";"A";"100.25";"A";"100.2";"A";"100.18";"A";"100.17";"A";"100.16";"A";"100.16";"A";"100.12";"A"
"2019-01";"100.7";"A";"100.7";"A";"100.77";"A";"100.81";"A";"100.82";"A";"100.74";"A";"100.76";"A";"100.79";"A";"100.75";"A";"100.72";"A";"100.72";"A";"100.72";"A";"100.73";"A";"100.76";"A";"100.55";"A";"100.53";"A";"100.52";"A";"100.51";"A";"100.57";"A";"100.56";"A";"100.54";"A";"100.54";"A";"100.51";"A";"100.5";"A";"100.5";"A";"100.52";"A"
"2019-02";"99.72";"A";"99.71";"A";"99.77";"A";"99.75";"A";"99.76";"A";"99.76";"A";"99.76";"A";"99.75";"A";"99.75";"A";"99.75";"A";"99.76";"A";"99.77";"A";"99.76";"A";"99.74";"A";"99.6";"A";"99.6";"A";"99.6";"A";"99.61";"A";"99.6";"A";"99.6";"A";"99.6";"A";"99.59";"A";"99.59";"A";"99.58";"A";"99.6";"A";"99.57";"A"
"2019-03";"98.89";"A";"98.89";"A";"98.89";"A";"98.93";"A";"98.88";"A";"98.89";"A";"98.88";"A";"98.86";"A";"98.88";"A";"98.89";"A";"98.89";"A";"98.87";"A";"98.87";"A";"98.87";"A";"98.68";"A";"98.68";"A";"98.66";"A";"98.64";"A";"98.64";"A";"98.62";"A";"98.59";"A";"98.58";"A";"98.58";"A";"98.56";"A";"98.59";"A";"98.61";"A"
"2019-04";"100.71";"A";"100.71";"A";"100.69";"A";"100.67";"A";"100.69";"A";"100.68";"A";"100.68";"A";"100.69";"A";"100.69";"A";"100.69";"A";"100.69";"A";"100.7";"A";"100.7";"A";"100.71";"A";"100.49";"A";"100.5";"A";"100.51";"A";"100.51";"A";"100.5";"A";"100.53";"A";"100.53";"A";"100.53";"A";"100.53";"A";"100.52";"A";"100.52";"A";"100.53";"A"
"2019-05";"99.85";"A";"99.86";"A";"99.87";"A";"99.85";"A";"99.84";"A";"99.84";"A";"99.84";"A";"99.84";"A";"99.84";"A";"99.88";"A";"99.87";"A";"99.87";"A";"99.87";"A";"99.87";"A";"99.84";"A";"99.86";"A";"99.88";"A";"99.88";"A";"99.87";"A";"99.87";"A";"99.87";"A";"99.89";"A";"99.99";"A";"100.02";"A";"100.03";"A";"100.09";"A"
"2019-06";"99.36";"A";"99.38";"A";"99.31";"A";"99.31";"A";"99.3";"A";"99.29";"A";"99.27";"A";"99.26";"A";"99.25";"A";"99.27";"A";"99.27";"A";"99.27";"A";"99.27";"A";"99.26";"A";"99.11";"A";"99.12";"A";"99.1";"A";"99.09";"A";"99.08";"A";"99.06";"A";"99.0";"A";"99.04";"A";"99.03";"A";"99.03";"A";"99.01";"A";"99.03";"A"
"2019-07";"98.18";"A";"98.18";"A";"98.13";"A";"98.13";"A";"98.15";"A";"98.15";"A";"98.2";"A";"98.21";"A";"98.2";"A";"98.22";"A";"98.21";"A";"98.21";"A";"98.21";"A";"98.21";"A";"98.02";"A";"98.02";"A";"98.06";"A";"98.05";"A";"98.03";"A";"98.14";"A";"98.11";"A";"98.15";"A";"98.1";"A";"98.11";"A";"98.09";"A";"98.06";"A"
"2019-08";"98.51";"A";"98.51";"A";"98.46";"A";"98.46";"A";"98.46";"A";"98.47";"A";"98.47";"A";"98.43";"A";"98.43";"A";"98.44";"A";"98.45";"A";"98.46";"A";"98.45";"A";"98.43";"A";"98.4";"A";"98.41";"A";"98.4";"A";"98.37";"A";"98.33";"A";"98.32";"A";"98.32";"A";"98.32";"A";"98.34";"A";"98.33";"A";"98.33";"A";"98.32";"A"
"2019-09";"101.07";"A";"101.05";"A";"101.05";"A";"101.03";"A";"101.04";"A";"101.05";"A";"101.05";"A";"101.02";"A";"101.06";"A";"101.05";"A";"101.05";"A";"101.04";"A";"101.03";"A";"101.02";"A";"100.69";"A";"100.73";"A";"100.74";"A";"100.7";"A";"100.75";"A";"100.73";"A";"100.73";"A";"100.73";"A";"100.71";"A";"100.71";"A";"100.7";"A";"100.74";"A"
"2019-10";"100.42";"A";"100.43";"A";"100.43";"A";"100.4";"A";"100.42";"A";"100.45";"A";"100.43";"A";"100.44";"A";"100.42";"A";"100.39";"A";"100.38";"A";"100.41";"A";"100.4";"A";"100.4";"A";"100.09";"A";"100.07";"A";"100.05";"A";"100.13";"A";"100.1";"A";"100.04";"A";"100.15";"A";"100.13";"A";"100.15";"A";"100.13";"A";"100.17";"A";"100.17";"A"
"2019-11";"99.93";"A";"99.94";"A";"100.01";"A";"99.99";"A";"99.99";"A";"100.01";"A";"100.0";"A";"99.97";"A";"99.96";"A";"99.97";"A";"99.97";"A";"99.96";"A";"99.97";"A";"99.96";"A";"99.72";"A";"99.7";"A";"99.66";"A";"99.67";"A";"99.64";"A";"99.6";"A";"99.59";"A";"99.55";"A";"99.53";"A";"99.53";"A";"99.52";"A";"99.52";"A"
"2019-12";"99.86";"A";"99.87";"A";"99.78";"A";"99.74";"A";"99.76";"A";"99.79";"A";"99.78";"A";"99.77";"A";"99.78";"A";"99.76";"A";"99.76";"A";"99.75";"A";"99.73";"A";"99.76";"A";"99.61";"A";"99.66";"A";"99.68";"A";"99.68";"A";"99.68";"A";"99.7";"A";"99.67";"A";"99.66";"A";"99.68";"A";"99.68";"A";"99.66";"A";"99.66";"A"
"2020-01";"99.73";"A";"99.73";"A";"99.72";"A";"99.8";"A";"99.77";"A";"99.66";"A";"99.69";"A";"99.75";"A";"99.68";"A";"99.66";"A";"99.67";"A";"99.65";"A";"99.68";"A";"99.73";"A";"99.45";"A";"99.45";"A";"99.43";"A";"99.42";"A";"99.5";"A";"99.43";"A";"99.42";"A";"99.43";"A";"99.43";"A";"99.42";"A";"99.42";"A";"99.46";"A"
"2020-02";"101.73";"A";"101.74";"A";"101.76";"A";"101.73";"A";"101.75";"A";"101.75";"A";"101.75";"A";"101.72";"A";"101.72";"A";"101.72";"A";"101.72";"A";"101.72";"A";"101.69";"A";"101.69";"A";"101.13";"A";"101.12";"A";"101.11";"A";"101.12";"A";"101.09";"A";"101.1";"A";"101.07";"A";"101.08";"A";"101.03";"A";"101.01";"A";"100.94";"A";"101.21";"A"
"2020-03";"99.54";"A";"99.55";"A";"99.58";"A";"99.59";"A";"99.58";"A";"99.59";"A";"99.59";"A";"99.58";"A";"99.6";"A";"99.6";"A";"99.6";"A";"99.58";"A";"99.57";"A";"99.57";"A";"99.06";"A";"99.1";"A";"99.09";"A";"99.1";"A";"99.1";"A";"99.16";"A";"99.12";"A";"99.12";"A";"99.11";"A";"99.09";"A";"99.11";"A";"99.14";"A"
"2020-04";"96.46";"A";"96.46";"A";"96.48";"A";"96.45";"A";"96.46";"A";"96.47";"A";"96.45";"A";"96.45";"A";"96.45";"A";"96.46";"A";"96.46";"A";"96.49";"A";"96.49";"A";"96.49";"A";"96.0";"A";"95.98";"A";"95.98";"A";"95.99";"A";"95.98";"A";"96.02";"A";"96.01";"A";"96.0";"A";"95.99";"A";"96.0";"A";"95.99";"A";"96.02";"A"
"2020-05";"96.95";"A";"96.96";"A";"97.02";"A";"96.97";"A";"96.99";"A";"97.0";"A";"96.99";"A";"96.94";"A";"96.96";"A";"97.02";"A";"96.98";"A";"96.99";"A";"96.96";"A";"96.96";"A";"96.68";"A";"96.67";"A";"96.66";"A";"96.64";"A";"96.64";"A";"96.65";"A";"96.6";"A";"96.6";"A";"96.66";"A";"96.68";"A";"96.7";"A";"96.71";"A"
"2020-06";"99.24";"A";"99.25";"A";"99.2";"A";"99.2";"A";"99.21";"A";"99.19";"A";"99.19";"A";"99.22";"A";"99.22";"A";"99.27";"A";"99.27";"A";"99.26";"A";"99.26";"A";"99.23";"A";"99.44";"A";"99.45";"A";"99.47";"A";"99.48";"A";"99.45";"A";"99.53";"A";"99.49";"A";"99.55";"A";"99.54";"A";"99.54";"A";"99.53";"A";"99.55";"A"
"2020-07";"99.22";"A";"99.22";"A";"99.28";"A";"99.31";"A";"99.28";"A";"99.28";"A";"99.29";"A";"99.29";"A";"99.27";"A";"99.31";"A";"99.3";"A";"99.3";"A";"99.31";"A";"99.32";"A";"99.49";"A";"99.44";"A";"99.47";"A";"99.44";"A";"99.44";"A";"99.48";"A";"99.46";"A";"99.48";"A";"99.48";"A";"99.51";"A";"99.48";"A";"99.47";"A"
"2020-08";"98.39";"A";"98.38";"A";"98.28";"A";"98.27";"A";"98.27";"A";"98.28";"A";"98.28";"A";"98.23";"A";"98.25";"A";"98.27";"A";"98.26";"A";"98.27";"A";"98.25";"A";"98.24";"A";"98.26";"A";"98.32";"A";"98.32";"A";"98.29";"A";"98.27";"A";"98.29";"A";"98.29";"A";"98.28";"A";"98.3";"A";"98.3";"A";"98.29";"A";"98.28";"A"
"2020-09";"99.75";"A";"99.74";"A";"99.73";"A";"99.73";"A";"99.74";"A";"99.75";"A";"99.74";"A";"99.73";"A";"99.74";"A";"99.74";"A";"99.74";"A";"99.73";"A";"99.74";"A";"99.73";"A";"99.37";"A";"99.39";"A";"99.41";"A";"99.36";"A";"99.41";"A";"99.37";"A";"99.41";"A";"99.42";"A";"99.39";"A";"99.37";"A";"99.36";"A";"99.38";"A"
"2020-10";"98.65";"A";"98.66";"A";"98.59";"A";"98.56";"A";"98.57";"A";"98.6";"A";"98.59";"A";"98.58";"A";"98.59";"A";"98.49";"A";"98.49";"A";"98.53";"A";"98.53";"A";"98.54";"A";"98.38";"A";"98.34";"A";"98.33";"A";"98.41";"A";"98.39";"A";"98.28";"A";"98.36";"A";"98.32";"A";"98.36";"A";"98.33";"A";"98.39";"A";"98.37";"A"
"2020-11";"98.86";"A";"98.86";"A";"98.8";"A";"98.77";"A";"98.77";"A";"98.79";"A";"98.8";"A";"98.79";"A";"98.81";"A";"98.79";"A";"98.79";"A";"98.76";"A";"98.75";"A";"98.75";"A";"98.58";"A";"98.59";"A";"98.55";"A";"98.59";"A";"98.56";"A";"98.56";"A";"98.57";"A";"98.51";"A";"98.5";"A";"98.51";"A";"98.5";"A";"98.52";"A"
"2020-12";"97.91";"A";"97.92";"A";"97.86";"A";"97.79";"A";"97.84";"A";"97.88";"A";"97.85";"A";"97.84";"A";"97.82";"A";"97.8";"A";"97.79";"A";"97.79";"A";"97.78";"A";"97.8";"A";"97.79";"A";"97.8";"A";"97.81";"A";"97.82";"A";"97.81";"A";"97.86";"A";"97.86";"A";"97.86";"A";"97.84";"A";"97.82";"A";"97.79";"A";"97.75";"A"
"2021-01";"100.72";"A";"100.73";"A";"100.6";"A";"100.65";"A";"100.64";"A";"100.53";"A";"100.56";"A";"100.58";"A";"100.51";"A";"100.52";"A";"100.53";"A";"100.49";"A";"100.52";"A";"100.57";"A";"100.45";"A";"100.49";"A";"100.44";"A";"100.41";"A";"100.5";"A";"100.39";"A";"100.33";"A";"100.35";"A";"100.31";"A";"100.29";"A";"100.28";"A";"100.29";"A"
"2021-02";"98.39";"A";"98.38";"A";"98.23";"A";"98.23";"A";"98.23";"A";"98.24";"A";"98.24";"A";"98.24";"A";"98.25";"A";"98.25";"A";"98.27";"A";"98.25";"A";"98.23";"A";"98.21";"A";"98.29";"A";"98.3";"A";"98.29";"A";"98.33";"A";"98.3";"A";"98.33";"A";"98.31";"A";"98.33";"A";"98.29";"A";"98.27";"A";"98.29";"A";"98.32";"A"
"2021-03";"100.18";"A";"100.18";"A";"100.08";"A";"100.09";"A";"100.1";"A";"100.11";"A";"100.12";"A";"100.13";"A";"100.16";"A";"100.18";"A";"100.18";"A";"100.15";"A";"100.15";"A";"100.13";"A";"100.13";"A";"100.15";"A";"100.16";"A";"100.17";"A";"100.16";"A";"100.25";"A";"100.22";"A";"100.24";"A";"100.18";"A";"100.14";"A";"100.21";"A";"100.22";"A"
"2021-04";"99.01";"A";"99.01";"A";"98.83";"A";"98.82";"A";"98.8";"A";"98.81";"A";"98.79";"A";"98.81";"A";"98.81";"A";"98.83";"A";"98.83";"A";"98.88";"A";"98.89";"A";"98.9";"A";"98.99";"A";"98.99";"A";"99.0";"A";"99.01";"A";"99.0";"A";"99.02";"A";"99.01";"A";"99.0";"A";"99.01";"A";"99.07";"A";"99.04";"A";"99.11";"A"
"2021-05";"98.26";"A";"98.25";"A";"98.22";"A";"98.21";"A";"98.18";"A";"98.19";"A";"98.17";"A";"98.18";"A";"98.22";"A";"98.28";"A";"98.24";"A";"98.26";"A";"98.23";"A";"98.24";"A";"98.76";"A";"98.75";"A";"98.76";"A";"98.73";"A";"98.77";"A";"98.81";"A";"98.75";"A";"98.73";"A";"98.87";"A";"98.93";"A";"98.93";"A";"98.96";"A"
"2021-06";"99.26";"A";"99.26";"A";"99.21";"A";"99.22";"A";"99.24";"A";"99.23";"A";"99.22";"A";"99.29";"A";"99.3";"A";"99.38";"A";"99.39";"A";"99.37";"A";"99.38";"A";"99.3";"A";"99.49";"A";"99.43";"A";"99.48";"A";"99.49";"A";"99.45";"A";"99.6";"A";"99.52";"A";"99.58";"A";"99.56";"A";"99.55";"A";"99.54";"A";"99.53";"A"
"2021-07";"100.62";"A";"100.64";"A";"100.73";"A";"100.73";"A";"100.72";"A";"100.71";"A";"100.72";"A";"100.68";"A";"100.62";"A";"100.66";"A";"100.66";"A";"100.67";"A";"100.67";"A";"100.7";"A";"100.85";"A";"100.86";"A";"100.88";"A";"100.84";"A";"100.8";"A";"100.84";"A";"100.89";"A";"100.93";"A";"100.97";"A";"101.02";"A";"100.98";"A";"101.03";"A"
"2021-08";"99.92";"A";"99.92";"A";"100.06";"A";"100.06";"A";"100.07";"A";"100.07";"A";"100.08";"A";"100.02";"A";"100.01";"A";"100.05";"A";"100.05";"A";"100.07";"A";"100.05";"A";"100.05";"A";"99.97";"A";"100.05";"A";"100.08";"A";"100.03";"A";"99.96";"A";"99.98";"A";"100.03";"A";"100.03";"A";"100.05";"A";"100.04";"A";"100.03";"A";"100.02";"A"
"2021-09";"99.76";"A";"99.76";"A";"99.94";"A";"99.93";"A";"99.94";"A";"99.95";"A";"99.94";"A";"99.9";"A";"99.91";"A";"99.94";"A";"99.94";"A";"99.93";"A";"99.93";"A";"99.94";"A";"99.91";"A";"99.9";"A";"99.93";"A";"99.88";"A";"99.96";"A";"99.84";"A";"99.89";"A";"99.91";"A";"99.89";"A";"99.86";"A";"99.85";"A";"99.87";"A"
"2021-10";"100.89";"A";"100.9";"A";"101.03";"A";"101.02";"A";"101.02";"A";"101.06";"A";"101.06";"A";"101.04";"A";"101.06";"A";"100.94";"A";"100.93";"A";"100.99";"A";"100.99";"A";"101.01";"A";"100.65";"A";"100.6";"A";"100.59";"A";"100.71";"A";"100.71";"A";"100.56";"A";"100.62";"A";"100.55";"A";"100.57";"A";"100.54";"A";"100.61";"A";"100.52";"A"
"2021-11";"102.17";"A";"102.16";"A";"102.34";"A";"102.33";"A";"102.33";"A";"102.34";"A";"102.35";"A";"102.37";"A";"102.36";"A";"102.28";"A";"102.28";"A";"102.24";"A";"102.24";"A";"102.23";"A";"102.07";"A";"102.03";"A";"101.95";"A";"101.98";"A";"101.94";"A";"101.91";"A";"101.94";"A";"101.87";"A";"101.81";"A";"101.81";"A";"101.8";"A";"101.78";"A"
"2021-12";"100.81";"A";"100.81";"A";"100.75";"A";"100.73";"A";"100.73";"A";"100.77";"A";"100.75";"A";"100.77";"A";"100.79";"A";"100.69";"A";"100.71";"A";"100.7";"A";"100.73";"A";"100.73";"A";"100.43";"A";"100.45";"A";"100.45";"A";"100.43";"A";"100.46";"A";"100.47";"A";"100.49";"A";"100.49";"A";"100.48";"A";"100.46";"A";"100.43";"A";"100.36";"A"
"2022-01";"102.0";"A";"102.0";"A";"101.98";"A";"102.03";"A";"102.0";"A";"101.9";"A";"101.93";"A";"101.97";"A";"101.93";"A";"101.96";"A";"101.98";"A";"101.9";"A";"101.94";"A";"102.01";"A";"101.47";"A";"101.55";"A";"101.52";"A";"101.51";"A";"101.57";"A";"101.53";"A";"101.47";"A";"101.5";"A";"101.43";"A";"101.41";"A";"101.39";"A";"101.41";"A"
"2022-02";"101.18";"A";"101.16";"A";"101.09";"A";"101.11";"A";"101.11";"A";"101.12";"A";"101.13";"A";"101.15";"A";"101.16";"A";"101.17";"A";"101.21";"A";"101.15";"A";"101.13";"A";"101.08";"A";"100.8";"A";"100.81";"A";"100.79";"A";"100.84";"A";"100.8";"A";"100.87";"A";"100.82";"A";"100.87";"A";"100.81";"A";"100.78";"A";"100.8";"A";"100.91";"A"
"2022-03";"100.45";"A";"100.45";"A";"100.49";"A";"100.49";"A";"100.5";"A";"100.51";"A";"100.51";"A";"100.54";"A";"100.54";"A";"100.56";"A";"100.56";"A";"100.55";"A";"100.56";"A";"100.54";"A";"100.29";"A";"100.32";"A";"100.32";"A";"100.35";"A";"100.36";"A";"100.44";"A";"100.38";"A";"100.44";"A";"100.41";"A";"100.34";"A";"100.41";"A";"100.45";"A"
"2022-04";"98.28";"A";"98.27";"A";"98.29";"A";"98.28";"A";"98.28";"A";"98.29";"A";"98.28";"A";"98.3";"A";"98.34";"A";"98.35";"A";"98.32";"A";"98.43";"A";"98.42";"A";"98.42";"A";"98.74";"A";"98.73";"A";"98.73";"A";"98.71";"A";"98.72";"A";"98.73";"A";"98.67";"A";"98.68";"A";"98.67";"A";"98.78";"A";"98.73";"A";"98.79";"A"
"2022-05";"97.25";"A";"97.27";"A";"97.5";"A";"97.44";"A";"97.49";"A";"97.49";"A";"97.49";"A";"97.53";"A";"97.59";"A";"97.63";"A";"97.57";"A";"97.6";"A";"97.57";"A";"97.56";"A";"97.29";"A";"97.27";"A";"97.3";"A";"97.29";"A";"97.3";"A";"97.41";"A";"97.36";"A";"97.37";"A";"97.51";"A";"97.56";"A";"97.58";"A";"97.61";"A"
"2022-06";"99.19";"A";"99.19";"A";"99.17";"A";"99.17";"A";"99.18";"A";"99.17";"A";"99.15";"A";"99.21";"A";"99.2";"A";"99.34";"A";"99.36";"A";"99.33";"A";"99.34";"A";"99.24";"A";"99.2";"A";"99.1";"A";"99.15";"A";"99.17";"A";"99.15";"A";"99.3";"A";"99.16";"A";"99.17";"A";"99.2";"A";"99.19";"A";"99.17";"A";"99.19";"A"
"2022-07";"98.75";"A";"98.75";"A";"99.0";"A";"99.04";"A";"99.01";"A";"99.0";"A";"99.0";"A";"98.95";"A";"98.9";"A";"98.98";"A";"98.99";"A";"99.01";"A";"99.0";"A";"99.02";"A";"98.98";"A";"98.95";"A";"98.98";"A";"98.9";"A";"98.86";"A";"98.92";"A";"99.04";"A";"99.06";"A";"99.05";"A";"99.12";"A";"99.09";"A";"99.04";"A"
"2022-08";"98.87";"A";"98.87";"A";"99.09";"A";"99.11";"A";"99.11";"A";"99.11";"A";"99.11";"A";"99.01";"A";"98.98";"A";"99.05";"A";"99.05";"A";"99.08";"A";"99.07";"A";"99.06";"A";"98.99";"A";"99.05";"A";"99.1";"A";"99.02";"A";"98.91";"A";"98.88";"A";"98.97";"A";"98.97";"A";"98.98";"A";"98.97";"A";"98.95";"A";"98.9";"A"
"2022-09";"98.51";"A";"98.51";"A";"98.51";"A";"98.53";"A";"98.53";"A";"98.54";"A";"98.54";"A";"98.5";"A";"98.51";"A";"98.54";"A";"98.54";"A";"98.54";"A";"98.53";"A";"98.56";"A";"98.7";"A";"98.7";"A";"98.76";"A";"98.68";"A";"98.73";"A";"98.52";"A";"98.59";"A";"98.62";"A";"98.63";"A";"98.61";"A";"98.6";"A";"98.6";"A"
"2022-10";"98.92";"A";"98.93";"A";"99.11";"A";"99.06";"A";"99.09";"A";"99.12";"A";"99.14";"A";"99.11";"A";"99.14";"A";"98.98";"A";"98.95";"A";"99.01";"A";"99.0";"A";"99.04";"A";"99.06";"A";"99.01";"A";"99.02";"A";"99.18";"A";"99.21";"A";"99.09";"A";"99.13";"A";"99.05";"A";"99.04";"A";"99.01";"A";"99.09";"A";"98.97";"A"
"2022-11";"101.32";"A";"101.31";"A";"101.53";"A";"101.47";"A";"101.51";"A";"101.5";"A";"101.51";"A";"101.52";"A";"101.52";"A";"101.35";"A";"101.35";"A";"101.28";"A";"101.28";"A";"101.27";"A";"100.7";"A";"100.63";"A";"100.42";"A";"100.48";"A";"100.47";"A";"100.44";"A";"100.45";"A";"100.37";"A";"100.29";"A";"100.27";"A";"100.26";"A";"100.24";"A"
"2022-12";"98.61";"A";"98.62";"A";"98.63";"A";"98.57";"A";"98.61";"A";"98.66";"A";"98.65";"A";"98.64";"A";"98.66";"A";"98.48";"A";"98.49";"A";"98.48";"A";"98.51";"A";"98.52";"A";"98.41";"A";"98.47";"A";"98.43";"A";"98.38";"A";"98.43";"A";"98.36";"A";"98.38";"A";"98.4";"A";"98.38";"A";"98.35";"A";"98.31";"A";"98.23";"A"
"2023-01";"97.04";"A";"97.05";"A";"98.01";"A";"98.03";"A";"98.02";"A";"97.95";"A";"97.98";"A";"98.03";"A";"98.0";"A";"98.07";"A";"98.09";"A";"97.96";"A";"98.09";"A";"98.17";"A";"97.86";"A";"97.98";"A";"97.96";"A";"97.97";"A";"97.95";"A";"97.96";"A";"97.88";"A";"97.74";"A";"97.59";"A";"97.58";"A";"97.46";"A";"97.53";"A"
"2023-02";"97.46";"A";"97.43";"A";"98.08";"A";"98.12";"A";"98.11";"A";"98.12";"A";"98.14";"A";"98.17";"A";"98.19";"A";"98.23";"A";"98.28";"A";"98.17";"A";"98.15";"A";"98.12";"A";"98.1";"A";"98.12";"A";"98.1";"A";"98.15";"A";"98.09";"A";"98.19";"A";"98.04";"A";"97.92";"A";"97.84";"A";"97.78";"A";"97.85";"A";"97.99";"A"
"2023-03";"97.94";"A";"97.93";"A";"99.15";"A";"99.19";"A";"99.16";"A";"99.17";"A";"99.19";"A";"99.25";"A";"99.27";"A";"99.35";"A";"99.35";"A";"99.35";"A";"99.3";"A";"99.28";"A";"98.77";"A";"98.79";"A";"98.81";"A";"98.83";"A";"98.83";"A";"98.89";"A";"98.72";"A";"98.6";"A";"98.52";"A";"98.45";"A";"98.55";"A";"98.47";"A"
"2023-04";"97.47";"A";"97.46";"A";"98.63";"A";"98.62";"A";"98.62";"A";"98.62";"A";"98.63";"A";"98.65";"A";"98.69";"A";"98.75";"A";"98.48";"A";"98.86";"A";"98.78";"A";"98.79";"A";"98.0";"A";"98.01";"A";"98.0";"A";"97.98";"A";"98.0";"A";"98.01";"A";"97.87";"A";"97.71";"A";"97.69";"A";"97.83";"A";"97.78";"A";"97.72";"A"
"2023-05";"98.26";"A";"98.28";"A";"99.5";"A";"99.49";"A";"99.51";"A";"99.51";"A";"99.42";"A";"99.56";"A";"99.52";"A";"99.53";"A";"99.65";"A";"99.74";"A";"99.72";"A";"99.71";"A";"98.81";"A";"98.76";"A";"98.76";"A";"98.73";"A";"98.76";"A";"98.82";"A";"98.62";"A";"98.45";"A";"98.59";"A";"98.56";"A";"98.58";"A";"98.61";"A"
"2023-06";"98.29";"A";"98.29";"A";"99.65";"A";"99.63";"A";"99.65";"A";"99.64";"A";"99.62";"A";"99.69";"A";"99.72";"A";"99.69";"A";"99.74";"A";"99.64";"A";"99.71";"A";"99.58";"A";"99.4";"A";"99.28";"A";"99.39";"A";"99.41";"A";"99.36";"A";"99.52";"A";"99.28";"A";"99.1";"A";"99.16";"A";"99.04";"A";"98.93";"A";"99.01";"A"
"2023-07";"97.95";"A";"97.96";"A";"99.64";"A";"99.59";"A";"99.61";"A";"99.59";"A";"99.6";"A";"99.46";"A";"99.36";"A";"99.44";"A";"99.44";"A";"99.44";"A";"99.4";"A";"99.45";"A";"98.44";"A";"98.43";"A";"98.48";"A";"98.43";"A";"98.34";"A";"98.52";"A";"98.67";"A";"98.5";"A";"98.58";"A";"98.61";"A";"98.49";"A";"98.61";"A"
"2023-08";"98.99";"A";"99.0";"A";"98.79";"A";"98.82";"A";"98.8";"A";"98.79";"A";"98.84";"A";"98.71";"A";"98.66";"A";"98.75";"A";"98.75";"A";"98.76";"A";"98.73";"A";"98.72";"A";"98.7";"A";"98.74";"A";"98.83";"A";"98.74";"A";"98.57";"A";"98.49";"A";"98.55";"A";"98.4";"A";"98.4";"A";"98.36";"A";"98.34";"A";"98.33";"A"
"2023-09";"97.3";"A";"97.3";"A";"97.03";"A";"97.06";"A";"97.05";"A";"97.07";"A";"96.98";"A";"96.92";"A";"96.95";"A";"96.97";"A";"96.98";"A";"96.95";"A";"96.93";"A";"96.93";"A";"97.29";"A";"97.25";"A";"97.36";"A";"97.25";"A";"97.21";"A";"96.93";"A";"96.92";"A";"96.78";"A";"96.72";"A";"96.68";"A";"96.58";"A";"96.52";"A"
"2023-10";"97.49";"A";"97.5";"A";"98.19";"A";"98.16";"A";"98.18";"A";"98.23";"A";"98.27";"A";"98.26";"A";"98.27";"A";"98.09";"A";"98.07";"A";"98.11";"A";"98.12";"A";"98.17";"A";"97.69";"A";"97.66";"A";"97.69";"A";"97.91";"A";"97.92";"A";"97.8";"A";"97.84";"A";"97.53";"A";"97.44";"A";"97.39";"A";"97.33";"A";"97.28";"A"
"2023-11";"96.57";"A";"96.55";"A";"97.46";"A";"97.42";"A";"97.42";"A";"97.4";"A";"97.44";"A";"97.46";"A";"97.46";"A";"97.25";"A";"97.26";"A";"97.15";"A";"97.17";"A";"97.17";"A";"96.65";"A";"96.61";"A";"96.27";"A";"96.22";"A";"96.2";"A";"96.16";"A";"96.09";"A";"95.8";"A";"95.7";"A";"95.69";"A";"95.61";"A";"95.71";"A"
"2023-12";"98.01";"A";"98.02";"A";"98.53";"A";"98.5";"A";"98.49";"A";"98.54";"A";"98.54";"A";"98.53";"A";"98.57";"A";"98.36";"A";"98.39";"A";"98.33";"A";"98.38";"A";"98.38";"A";"97.98";"A";"98.04";"A";"97.94";"A";"97.84";"A";"97.93";"A";"97.79";"A";"97.73";"A";"97.52";"A";"97.39";"A";"97.34";"A";"97.3";"A";"97.25";"A"
"2024-01";"98.19";"A";"98.22";"A";"99.2";"A";"99.21";"A";"99.19";"A";"99.14";"A";"99.17";"A";"99.22";"A";"99.21";"A";"98.66";"A";"98.71";"A";"98.67";"A";"98.86";"A";"98.94";"A";"98.46";"A";"98.56";"A";"98.53";"A";"98.64";"A";"98.62";"A";"98.65";"A";"98.59";"A";"98.74";"A";"98.56";"A";"98.63";"A";"98.52";"A";"98.69";"A"
"2024-02";"100.31";"A";"100.21";"A";"100.81";"A";"100.85";"A";"100.84";"A";"100.85";"A";"100.87";"A";"100.93";"A";"100.93";"A";"100.39";"A";"100.46";"A";"100.45";"A";"100.37";"A";"100.35";"A";"99.72";"A";"99.78";"A";"99.76";"A";"99.87";"A";"99.84";"A";"99.84";"A";"99.7";"A";"99.47";"A";"99.42";"A";"99.36";"A";"99.11";"A";"";""
"2024-03";"99.15";"A";"99.13";"A";"99.89";"A";"99.94";"A";"99.91";"A";"99.92";"A";"99.95";"A";"100.01";"A";"100.05";"A";"99.26";"A";"99.27";"A";"99.43";"A";"99.3";"A";"99.31";"A";"98.97";"A";"99.02";"A";"99.02";"A";"99.06";"A";"99.09";"A";"99.07";"A";"98.82";"A";"98.61";"A";"98.52";"A";"98.63";"A";"";"";"";""
"2024-04";"99.55";"A";"99.53";"A";"99.99";"A";"99.98";"A";"99.99";"A";"99.99";"A";"100.02";"A";"100.09";"A";"100.15";"A";"99.5";"A";"99.07";"A";"99.84";"A";"99.7";"A";"99.74";"A";"99.4";"A";"99.44";"A";"99.47";"A";"99.47";"A";"99.53";"A";"99.54";"A";"99.24";"A";"99.09";"A";"98.83";"A";"";"";"";"";"";""
"2024-05";"99.93";"A";"99.97";"A";"100.42";"A";"100.4";"A";"100.4";"A";"100.4";"A";"100.32";"A";"100.47";"A";"100.48";"A";"99.6";"A";"99.8";"A";"100.01";"A";"99.94";"A";"99.99";"A";"99.74";"A";"99.74";"A";"99.77";"A";"99.72";"A";"99.8";"A";"99.7";"A";"99.56";"A";"99.38";"A";"";"";"";"";"";"";"";""
"2024-06";"99.23";"A";"99.24";"A";"100.87";"A";"100.83";"A";"100.87";"A";"100.85";"A";"100.84";"A";"100.87";"A";"100.92";"A";"100.04";"A";"100.1";"A";"100.09";"A";"100.12";"A";"100.01";"A";"98.94";"A";"98.82";"A";"98.95";"A";"98.91";"A";"99.05";"A";"99.0";"A";"98.81";"A";"";"";"";"";"";"";"";"";"";""
"2024-07";"100.18";"A";"100.18";"A";"101.84";"A";"101.82";"A";"101.85";"A";"101.83";"A";"101.82";"A";"101.72";"A";"101.6";"A";"100.87";"A";"100.91";"A";"101.01";"A";"101.0";"A";"101.17";"A";"100.0";"A";"99.97";"A";"100.1";"A";"100.03";"A";"100.23";"A";"99.69";"A";"";"";"";"";"";"";"";"";"";"";"";""
"2024-08";"100.41";"A";"100.44";"A";"100.73";"A";"100.77";"A";"100.75";"A";"100.75";"A";"100.83";"A";"100.65";"A";"100.58";"A";"99.42";"A";"99.44";"A";"99.51";"A";"99.49";"A";"99.68";"A";"98.75";"A";"98.79";"A";"98.97";"A";"98.72";"A";"98.81";"A";"";"";"";"";"";"";"";"";"";"";"";"";"";""
"2024-09";"100.71";"A";"100.72";"A";"101.13";"A";"101.17";"A";"101.16";"A";"101.19";"A";"101.04";"A";"100.98";"A";"101.01";"A";"99.98";"A";"100.0";"A";"100.09";"A";"100.06";"A";"100.18";"A";"98.95";"A";"98.95";"A";"99.13";"A";"99.03";"A";"";"";"";"";"";"";"";"";"";"";"";"";"";"";"";""
"2024-10";"100.01";"A";"100.03";"A";"100.88";"A";"100.83";"A";"100.86";"A";"100.89";"A";"100.91";"A";"100.92";"A";"100.91";"A";"100.12";"A";"100.25";"A";"100.27";"A";"100.26";"A";"100.34";"A";"99.28";"A";"99.15";"A";"99.65";"A";"";"";"";"";"";"";"";"";"";"";"";"";"";"";"";"";"";""
"2024-11";"97.9";"A";"97.92";"A";"97.43";"A";"97.36";"A";"97.35";"A";"97.31";"A";"97.36";"A";"97.36";"A";"97.38";"A";"97.22";"A";"97.24";"A";"97.29";"A";"97.26";"A";"97.22";"A";"98.22";"A";"97.87";"A";"";"";"";"";"";"";"";"";"";"";"";"";"";"";"";"";"";"";"";""
"2024-12";"98.83";"A";"98.86";"A";"99.59";"A";"99.54";"A";"99.55";"A";"99.59";"A";"99.64";"A";"99.64";"A";"99.69";"A";"99.32";"A";"99.38";"A";"99.44";"A";"99.49";"A";"99.52";"A";"99.7";"A";"";"";"";"";"";"";"";"";"";"";"";"";"";"";"";"";"";"";"";"";"";""
"2025-01";"100.7";"A";"100.76";"A";"100.56";"A";"100.56";"A";"100.52";"A";"100.49";"A";"100.53";"A";"100.57";"A";"100.59";"A";"100.08";"A";"100.1";"A";"100.13";"A";"100.05";"A";"100.02";"A";"";"";"";"";"";"";"";"";"";"";"";"";"";"";"";"";"";"";"";"";"";"";"";""
"2025-02";"99.66";"A";"99.48";"A";"99.67";"A";"99.74";"A";"99.73";"A";"99.73";"A";"99.77";"A";"99.84";"A";"99.89";"A";"99.5";"A";"99.48";"A";"99.57";"A";"99.56";"A";"";"";"";"";"";"";"";"";"";"";"";"";"";"";"";"";"";"";"";"";"";"";"";"";"";""
"2025-03";"99.37";"A";"99.33";"A";"98.07";"A";"98.09";"A";"98.1";"A";"98.1";"A";"98.14";"A";"98.21";"A";"98.25";"A";"97.73";"A";"97.83";"A";"97.64";"A";"";"";"";"";"";"";"";"";"";"";"";"";"";"";"";"";"";"";"";"";"";"";"";"";"";"";"";""
"2025-04";"100.2";"A";"100.19";"A";"99.7";"A";"99.72";"A";"99.72";"A";"99.72";"A";"99.74";"A";"99.84";"A";"99.89";"A";"99.51";"A";"100.48";"A";"";"";"";"";"";"";"";"";"";"";"";"";"";"";"";"";"";"";"";"";"";"";"";"";"";"";"";"";"";""
"2025-05";"99.12";"A";"99.17";"A";"99.45";"A";"99.44";"A";"99.49";"A";"99.49";"A";"99.41";"A";"99.58";"A";"99.57";"A";"99.59";"A";"";"";"";"";"";"";"";"";"";"";"";"";"";"";"";"";"";"";"";"";"";"";"";"";"";"";"";"";"";"";"";""
"2025-06";"99.66";"A";"99.68";"A";"99.59";"A";"99.57";"A";"99.6";"A";"99.58";"A";"99.57";"A";"99.57";"A";"99.7";"A";"";"";"";"";"";"";"";"";"";"";"";"";"";"";"";"";"";"";"";"";"";"";"";"";"";"";"";"";"";"";"";"";"";""
"2025-07";"98.78";"A";"98.83";"A";"98.47";"A";"98.44";"A";"98.46";"A";"98.42";"A";"98.38";"A";"98.3";"A";"";"";"";"";"";"";"";"";"";"";"";"";"";"";"";"";"";"";"";"";"";"";"";"";"";"";"";"";"";"";"";"";"";"";"";""
"2025-08";"97.72";"A";"97.78";"A";"98.16";"A";"98.2";"A";"98.19";"A";"98.16";"A";"98.21";"A";"";"";"";"";"";"";"";"";"";"";"";"";"";"";"";"";"";"";"";"";"";"";"";"";"";"";"";"";"";"";"";"";"";"";"";"";"";""
"2025-09";"98.35";"A";"98.46";"A";"98.67";"A";"98.71";"A";"98.73";"A";"98.77";"A";"";"";"";"";"";"";"";"";"";"";"";"";"";"";"";"";"";"";"";"";"";"";"";"";"";"";"";"";"";"";"";"";"";"";"";"";"";"";"";""
"2025-10";"97.6";"A";"97.63";"A";"98.59";"A";"98.57";"A";"98.59";"A";"";"";"";"";"";"";"";"";"";"";"";"";"";"";"";"";"";"";"";"";"";"";"";"";"";"";"";"";"";"";"";"";"";"";"";"";"";"";"";"";"";""
"2025-11";"97.66";"A";"97.68";"A";"98.35";"A";"98.27";"A";"";"";"";"";"";"";"";"";"";"";"";"";"";"";"";"";"";"";"";"";"";"";"";"";"";"";"";"";"";"";"";"";"";"";"";"";"";"";"";"";"";"";"";""
"2025-12";"98.97";"A";"99.05";"A";"99.25";"A";"";"";"";"";"";"";"";"";"";"";"";"";"";"";"";"";"";"";"";"";"";"";"";"";"";"";"";"";"";"";"";"";"";"";"";"";"";"";"";"";"";"";"";"";"";""
"2026-01";"98.02";"A";"98.1";"A";"";"";"";"";"";"";"";"";"";"";"";"";"";"";"";"";"";"";"";"";"";"";"";"";"";"";"";"";"";"";"";"";"";"";"";"";"";"";"";"";"";"";"";"";"";"";"";""
"2026-02";"97.64";"A";"";"";"";"";"";"";"";"";"";"";"";"";"";"";"";"";"";"";"";"";"";"";"";"";"";"";"";"";"";"";"";"";"";"";"";"";"";"";"";"";"";"";"";"";"";"";"";"";"";""
